1012,UNJKW,2007
1055,COWU2,791
1063,OV1P9,737
1260,M6J9W,698
1675,C6TXL,689
1003,CZUZX,621
1113,TL4WZ,600
1318,W1ZMG,600
1616,QGK3S,593
1023,DWJC4,587
1238,A59HR,557
1452,3YDVF,529
1237,DMJ70,522
1213,M4TM4,517
1124,E3PAN,511
1112,LPLTZ,482
1795,4FT32,468
1177,7GQRJ,465
1216,536VK,463
1555,PWG2Z,463
1015,EMJ1S,462
1284,4X8P4,452
1272,SJ0ZD,446
1061,ZDSYK,432
1158,51OBI,413
1146,UQC6F,409
1151,MRE4J,402
1324,JCYBN,402
1484,2SVKS,398
1036,F90L2,391
1122,H87RV,381
1020,F79YP,379
1319,F7FQ5,372
1516,JJLXQ,361
1280,X05XH,349
1330,6TXTJ,349
1241,3SZO0,345
3880,5DCXM,345
1046,0TLU5,344
1067,20XCP,342
1436,4R4F9,339
1168,ZSVWE,323
1775,A9P11,321
1277,GB05L,319
1405,VHZUD,313
1545,W53F2,312
1572,2WKBS,312
1369,IRQZ4,311
1290,85WDI,303
1009,9STQJ,302
1109,KZOT8,301
1147,PO1N6,298
1068,JJ9FT,293
1069,23Y9E,293
1651,8LANJ,293
1268,LJ26I,291
1062,I36F2,286
1956,B87MU,285
1607,9Y7M0,284
1954,7TUN3,284
1386,29DS1,282
1464,CYAX0,279
1578,W14J3,279
1454,7Y2WS,278
1140,DLFQW,277
1081,IPVE6,274
1397,KS95Q,272
1002,68BRQ,270
1010,7IE9S,269
1419,GZN4P,267
1488,C7BXU,267
1054,IQNBU,264
1624,IFUHU,263
1271,5TPXK,259
1499,X9YT7,256
1304,KRX6I,255
1121,7QUXS,253
1533,ZUN8X,253
1297,WNBBE,251
1678,ZHY6C,247
1550,OGKA9,246
1406,X5TFY,241
1266,VGGTR,239
1095,M3SY1,238
1107,AM6EH,238
1197,JO2C3,237
1148,ABFD7,234
1842,2IA22,233
1154,DUV2Y,222
1276,OUC6J,221
1932,ZVTO4,218
1125,TU0A5,216
1049,LQ555,211
1066,6DCYD,211
1569,5S43J,211
1142,DUWYY,210
1701,XOII4,210
1285,UHKW8,208
1783,YRULF,208
4517,44RUE,208
1524,BW1M6,207
1460,QM3C8,206
1174,WKOLQ,205
1265,BLH3I,199
1889,8XU9Y,197
1551,WYFCJ,196
1680,W85U8,196
1568,FI2NX,194
1323,I1AQP,193
1257,OTA6Z,191
1427,CTN07,191
1960,7LJOW,191
2381,9QP7J,191
1480,6ED7U,189
1136,O3VWQ,187
1398,YXM33,187
1097,VKMQ4,185
1677,X59YE,182
1592,OEJ4F,180
1792,IQYAY,180
1188,XJLWY,179
1307,9J5RX,179
1382,N0D2P,179
1029,520UE,177
1445,XH98I,176
1074,68AG2,174
1181,BK9BM,174
4885,GHI2Q,174
1605,1IX2L,172
1156,1MR3E,166
1805,83SE2,165
2100,3PWIY,165
1100,1XG54,164
1379,0OZBT,164
1447,FUPBO,164
1096,UCK6F,163
1051,F64H7,162
1052,FZM7U,161
1529,62RSL,161
1038,RBNO8,160
1796,ERTYE,160
2014,F9JVE,160
1004,549KK,158
2151,KOF7U,158
1128,S4HQP,157
2585,93JH4,156
1013,KWDJZ,154
1823,NSGRM,154
1175,TZ8LC,153
1354,J8DD7,152
1094,14V9T,151
1933,HKLEU,151
1034,YIM6C,150
1153,81AIS,150
1166,KV45X,150
1668,B32W0,150
1032,3483Q,148
1332,0LCSZ,148
1466,EIX2K,147
1760,9XBLL,147
1239,I9SAW,146
2395,T619A,146
1502,3GTLH,145
1133,XQBTK,144
1353,67D07,144
1453,IYY6V,144
1522,GL84R,144
1766,G5878,144
1162,VWUC7,143
1321,WJSXR,142
1948,VCQMD,142
1184,SRKOW,141
1764,1AORX,141
2341,PFUQ1,141
1367,2NYLG,140
1172,6V2Q8,138
1772,DL5MU,138
1259,GQH4S,137
1824,U47J1,137
1855,360JS,137
1625,3CEPQ,136
1664,W8ANW,136
1582,TIE11,135
1227,8N1HN,134
1415,0PW5H,134
2344,Z1G08,134
1724,NDCX9,133
1127,280WP,132
1392,UN0SI,131
1412,LI0IX,131
1822,4J10Q,131
2350,BGRWC,131
2241,0DCAY,129
1232,B4KFE,127
2034,CLUON,127
2177,JXZLG,127
1575,4084G,126
2029,VXH0U,126
1199,2AJB5,124
2206,W6RZ8,124
1110,6ASJR,123
2183,JE62Y,123
1246,U6GWD,122
1361,GHG1T,122
1921,VU316,122
1700,O063M,121
1149,O1X0L,120
1152,967JZ,120
1292,5IT1P,120
1291,2517R,119
1626,519IW,119
1462,6X1O3,118
1234,WINPO,117
1322,09LL9,117
1493,FVNKQ,117
1019,4A2M0,116
1223,15PXV,116
1612,3R805,116
1408,EV6K0,115
1486,7TRXD,115
1828,AL5E4,115
1087,A4R06,114
1333,M3T80,114
2761,RBZMC,114
1433,RKK2C,113
1732,2SLS0,112
1834,6GQQF,112
2480,WLUDY,112
2570,FQZL8,112
1053,D80TK,111
1463,HZEFW,111
1830,Y6DHV,111
2236,80GQW,111
1844,R12GW,110
1892,EPQH3,110
2245,U26S2,109
1210,NPV8G,108
1409,FVB1M,107
1708,V8L6W,107
2317,R8GC5,107
3108,PQHSC,107
1073,5FESW,106
1474,KZY2N,106
1482,XC8GZ,106
1518,58LSB,106
2439,J7YN6,106
1007,AHAE7,105
1160,NZY1K,105
1634,CDW3A,105
1294,PN14V,104
1021,26XOE,103
1203,J93NR,103
1258,MGNU4,103
1472,815A1,103
1670,JVRR6,103
2046,MJFJY,103
2434,Z0VP2,103
1018,B2IW9,102
2182,5H3T1,102
2514,KSC1E,102
1490,U6L1W,101
1702,6NK76,101
1811,2VWI7,101
1922,SJ1N5,101
2185,SJXBP,100
1185,KUXIK,99
1946,TD3DD,99
2078,W45SJ,99
1541,OJS5N,98
1652,NXWMB,98
1654,9VWB9,98
2422,THI3S,98
2811,HTVVJ,98
1135,11H2S,97
1467,7FGIM,97
2199,MAG1S,97
2435,ER84H,97
1209,FBID9,96
1410,AHCKE,96
1531,FB3AG,96
1901,ZD3Z4,96
1407,4L6WG,95
1881,1T1WT,95
2737,RCC55,95
1106,J2RPB,94
1233,75L4V,94
1777,QD4DC,94
2259,JWDNL,94
1218,S7QET,93
1243,3QNEE,93
1279,9R1GN,93
2228,Z2RE8,93
2235,WKVN8,93
1421,Q1NXK,92
1520,3HGWL,92
1722,7EZAQ,92
1779,Y069M,92
1869,J83KR,92
2146,88T6V,92
2548,W3Q7V,92
1159,89ULV,91
1242,8KNYA,91
1640,L6L4O,91
2349,0ZL4S,91
1139,WALAE,90
1293,XEP2E,90
1473,48IK8,90
1650,2MQGD,90
1687,9LQGA,90
1890,2228Z,90
2388,T7XBG,90
2932,W2XKX,90
1489,24RYV,89
2214,V837Q,89
1040,GJUAD,88
1123,MYQAP,88
1309,6Y6GP,88
1579,3TW0T,88
1617,PPR4D,88
1749,EVU5M,88
2238,A5GZA,88
2300,EWCRO,88
2562,DJMIH,88
1189,6RXA9,87
1247,LTH2G,87
1255,BKO3J,87
1351,GGYTB,87
1363,9TF6B,87
1428,ISNFA,87
1588,4FMP9,87
1709,SWPY7,87
1741,EIFZN,87
2203,TI4FY,87
2549,7J2DT,87
2891,J86AK,87
1270,C7BXJ,86
1431,F2HBX,86
1517,NPSQA,86
1027,4PLF3,85
1635,TZYVQ,85
1719,FJZC4,85
2180,61VFY,85
2818,3ZCJ5,85
4073,PUT4X,85
1025,EGB8E,84
1056,E7DJL,84
1099,FV49E,84
1253,WTLC3,84
1577,C4Y40,84
1613,0SQIM,84
1628,ARZ2R,84
2302,9YXRU,84
2340,4D95F,84
1033,W22UD,83
1105,C3R9E,83
1275,L6Q95,83
1301,69PF4,83
1606,6LB6U,83
1837,ZWFSY,83
2436,3JP9W,83
3824,TASND,83
1348,ZE55T,82
2106,EE1JA,82
2116,BEXHX,82
1201,SW800,81
1437,S4W7B,81
1886,PQ5EZ,81
1923,BOH1U,81
2133,9G88I,81
1320,KK3R7,80
1645,Y1JBL,80
1841,Q4CYW,80
2268,WT0S7,80
2371,3BG6B,80
2650,JW4BR,80
3472,HV0P3,80
1014,8ETY5,79
1031,T5V5W,79
1072,RH5J5,79
1492,P6RR0,79
2043,SU1WQ,79
2527,WHRHA,79
2742,P6XWQ,79
2794,AGSZN,79
2954,NUL2D,79
1595,F0PNJ,78
1637,Q7IJI,78
1992,WN5M8,78
2157,AB7EN,78
1092,MKV69,77
1229,WG7HI,77
1250,FZ402,77
1594,4ZFSH,77
1843,TS3K5,77
1877,GKNOY,77
1911,N0O1G,77
2194,CG1YR,77
3339,CCC6P,77
1222,Q4ZAD,76
2219,J55IZ,76
2815,VRHZF,76
3830,T311N,76
5358,IOEO6,76
1114,PV9XZ,75
1982,SN3ZJ,75
2012,0D3EZ,75
2390,QS6KE,75
1035,8D73U,74
1336,VZELE,74
1424,WYLDZ,74
1598,DP4O9,74
2084,0HUPP,74
2462,H47NR,74
2701,3SR49,74
1418,TG5TB,73
1601,4MO0M,73
2066,D9SFZ,73
2135,CKDW0,73
2432,3UH0F,73
2769,X2QF9,73
1341,DCKPW,72
1580,CWB61,72
1688,GR6UE,72
1815,5I93F,72
2298,A4ZP7,72
2788,D7AMQ,72
4053,6T54B,72
1005,K8EHH,71
1011,M15RG,71
1085,0AEJH,71
1236,7NP6T,71
1535,HCTMU,71
1554,2IUD5,71
1964,FR282,71
2493,23FFF,71
1495,U1GN5,70
1527,5AI3S,70
1649,BJ6WL,70
1681,AA3Y0,70
1780,5O2CO,70
2486,99TPI,70
4498,HPMTC,70
1876,RVG1H,69
3378,YJ0Q7,69
1604,FS0P8,68
1621,6CDBD,68
1914,36WYR,68
2473,MDM2U,68
3082,GWGFZ,68
1282,S79EQ,67
1711,H0HV3,67
1163,VY2UB,66
1471,ML051,66
1565,JWMSS,66
1938,BY3NU,66
1942,FASUK,66
2083,CHZZA,66
2318,RD592,66
2321,6J6MA,66
2383,MXS1Y,66
2630,YDKX3,66
1141,LKDTY,65
1314,E3WCF,65
1465,3NZ9P,65
1587,8T1O8,65
1801,Y8N00,65
1864,RD3XR,65
5715,DQJXQ,65
1132,JPC1D,64
1171,EEQQ0,64
1249,R8LFB,64
1391,QBGOD,64
2102,3OB6W,64
2173,XW3IQ,64
2594,69VAY,64
2976,WQ4N6,64
3012,6I4Z1,64
1169,3220G,63
1264,BDD5Z,63
1350,DYMFI,63
1381,8V98X,63
2013,DVEBC,63
2051,4QSTJ,63
2851,898P6,63
1190,1W8E0,62
1198,6OUVC,62
1660,8KQ9S,62
1847,Z0NZL,62
2196,DZZBG,62
2311,OOJH8,62
2354,VWYXA,62
2604,7L73L,62
2708,E4ADC,62
1022,0ZEQ8,61
1245,D9QKE,61
1540,7YBOX,61
2139,3AIM5,61
2301,SRQKB,61
2315,7GMLP,61
2503,BH5HZ,61
3312,GZ6VU,61
1057,RZW8B,60
1358,FWW7Y,60
1715,X1EDP,60
1721,O88MP,60
1979,DPR05,60
2071,COV0L,60
2159,I76YM,60
2814,KUIDK,60
3456,AGKFU,60
3750,839RU,60
1064,4D1NN,59
1083,AODV3,59
1091,ZP7RI,59
1385,7MUJ1,59
2087,0S4F6,59
2313,FC669,59
3438,NKP6M,59
5499,43ZSO,59
1101,K38PQ,58
1129,RUNZF,58
1212,M93I3,58
1283,I1PEZ,58
2008,OOS8E,58
2061,226UR,58
2379,XDKKN,58
2776,9ZIBA,58
3336,BEM9N,58
1219,T91Q1,57
1326,ULY8T,57
1390,DRZQK,57
1413,X6WYL,57
1850,0B8JX,57
2153,V6P7N,57
2526,QVE67,57
2614,NBRSF,57
2712,VEZ1N,57
2989,8DQSI,57
3485,NGVVF,57
1362,IX3KV,56
1511,37298,56
1532,3F0QP,56
1797,1CJ28,56
1935,C07LW,56
1988,L8MTA,56
2359,KXGZ8,56
1718,D2QSU,55
1773,8IXQO,55
2088,0T6EB,55
2601,6D3HB,55
2669,K8C53,55
2823,UMRZC,55
3158,ZKKMF,55
3254,QKSXC,55
1076,MQPSJ,54
1377,YUQMQ,54
1435,MM3E0,54
1481,5W8HC,54
1530,O9RUX,54
1699,K89JS,54
1910,D7CQM,54
1990,GLSK6,54
2095,7XAMZ,54
2368,OI6EH,54
2517,DCQM1,54
2602,R9SUU,54
2607,7NZKY,54
2658,BUW1J,54
3049,X2BTR,54
3337,3JVIP,54
1059,AEKO3,53
1157,1LGSE,53
2056,SR20S,53
2147,9KT5R,53
2285,BDVOW,53
2592,M1SUW,53
2624,CAJD4,53
2792,KDO6P,53
2881,HT9WP,53
2928,STLLT,53
5068,EHB8T,53
1016,CRK31,52
1200,GKJEP,52
1248,VLPE5,52
1340,MYDIB,52
1669,HIR55,52
2038,FY7EH,52
2152,3AN0D,52
2248,WMIC0,52
2423,FO112,52
5651,TDIEQ,52
1328,MBQ30,51
1673,096VW,51
1770,ZCA3Q,51
1782,A8OCS,51
1819,FD2FL,51
1832,XA9RG,51
1941,4SPDG,51
1947,PQLH6,51
1970,NZR88,51
2044,MW1H8,51
2328,OK7SI,51
2610,ESK2N,51
2615,8YTMU,51
2741,NXXT0,51
3546,4Z2VP,51
1619,SP2O7,50
2186,707VJ,50
2295,1L81V,50
2866,LLC2F,50
3188,AY8H8,50
1084,MZL43,49
1115,MM77N,49
1235,HLZWD,49
1343,VHWMQ,49
1360,OU8UN,49
1583,BA88U,49
1895,GR346,49
1991,PTA6G,49
2035,OL9U3,49
2086,EV0DF,49
2193,ZGSKV,49
2209,LWJWP,49
2210,P4HYY,49
2221,JUOQY,49
2283,XSD5Z,49
2324,H1BKF,49
2392,Y8XJA,49
2496,GRTQO,49
2636,RSDKJ,49
1060,CERTN,48
1138,WHV3G,48
1439,41AOW,48
1504,JXPYA,48
1707,OPGDI,48
1725,NFEKU,48
1740,UQVDB,48
1981,EHQA2,48
2255,OVUQX,48
2312,NKYA0,48
2391,H5Y5T,48
2412,EEI1Q,48
2461,MO3IX,48
2666,QWO2A,48
2753,3BCBA,48
2757,CV0DB,48
3543,4N1YK,48
1050,5Y2V7,47
1117,NOKHJ,47
1195,MZGP5,47
1196,K8GSO,47
1557,HZ5ZE,47
1608,O2PIR,47
1743,55G22,47
1758,JZJII,47
1927,LVYX5,47
1943,NAGXG,47
2082,2CHGV,47
2274,8EHWG,47
2335,6JAUD,47
2490,DGPZK,47
2550,GHYAC,47
2682,H762P,47
2707,GV9P6,47
2772,NOQTN,47
2830,53E2D,47
2947,DD8L6,47
2982,69A7P,47
3000,LXSEM,47
3061,V95C2,47
3096,DRMFH,47
3201,MSAHF,47
1044,3CUG7,46
1116,U4XSE,46
1220,GUFMQ,46
1267,I1JEE,46
1376,3OY4K,46
1514,AHF52,46
1573,0WB9Z,46
1791,BX9Z0,46
1813,72EUE,46
1817,ABF3R,46
1931,MEI2J,46
2033,RGYIH,46
2172,REK81,46
2225,R1MNJ,46
2320,JYIWH,46
2375,HWT1S,46
2385,1LEE7,46
2566,YBTUP,46
2573,CY14Q,46
2813,EFNAR,46
3021,5GEWY,46
3202,7EROX,46
3596,BYTYP,46
1048,82JKU,45
1448,X360N,45
1523,GZOZ6,45
1639,P9S1S,45
1685,RKP8J,45
1759,KDISO,45
1771,1XV6A,45
2090,T8N9J,45
2189,L9VPF,45
2299,WI2S5,45
2508,KQVC1,45
2832,H77NJ,45
2855,MRIZS,45
3449,27GQ0,45
4695,ZQVAF,45
4864,G28BD,45
1170,OXMKW,44
1183,KXEUC,44
1411,QLA1L,44
1426,7ZDL5,44
1487,XJUD6,44
1611,1OT2H,44
1631,UU8XY,44
1730,P1T5K,44
1924,QMSAV,44
1937,TKZXY,44
1952,BKHWL,44
2085,TDARA,44
2456,P35XJ,44
2525,YVOD8,44
2535,G8QOG,44
2790,BW8YX,44
3296,KFQJS,44
1045,DFPBD,43
1118,9F8O1,43
1231,7YOPV,43
1503,ZN9A0,43
1558,96A0O,43
1614,4Z7NW,43
1733,MNLPC,43
1870,DE4Z0,43
1900,M780D,43
2062,STY2R,43
2176,Z37OL,43
2361,64V7B,43
2380,B9C2I,43
2400,P4Q3Q,43
2427,9M8OH,43
3143,01V7M,43
3644,HZZ6U,43
1306,SRZBJ,42
1383,W5DXH,42
1627,N0KQJ,42
1633,8C752,42
1729,FY50B,42
1851,TMCUQ,42
2055,KZ80B,42
2099,XFAEF,42
2113,V5PF0,42
2224,M4315,42
2660,2XKMH,42
2673,28POA,42
2824,AEOFD,42
2929,IRLFP,42
1098,ZRKHN,41
1342,SIZ9T,41
1693,A2IXF,41
1959,TO5GF,41
2129,5UMKE,41
2156,IETXJ,41
2166,3A6LA,41
2230,2Z089,41
2273,354N6,41
2409,VW5YU,41
2513,XELEO,41
2911,1HR3M,41
2912,QPF62,41
3421,2F33G,41
1204,7EBAG,40
1217,9GSMH,40
1299,86X06,40
1434,B8HP4,40
1750,4AV34,40
1787,49C1F,40
1820,1EIY7,40
1857,LG6Y2,40
1882,TNY4W,40
2028,MRI9U,40
2031,C0OET,40
2424,FJD9T,40
2445,75NLL,40
2591,AM5MO,40
2684,NBF18,40
2877,87I99,40
2915,57BHI,40
3185,88188,40
3280,1WYC3,40
3396,1JAIF,40
3412,WLLET,40
5272,N0IER,40
5507,GL347,40
1079,SANGZ,39
1134,YY5BX,39
1356,GB9RX,39
1396,YS9IS,39
1585,UD7OX,39
1636,H0PL2,39
1955,A72OR,39
1968,4BVUF,39
1969,WKBT3,39
2243,4JO6R,39
2352,UFXA9,39
2366,79GEL,39
2487,ETQWI,39
2499,QAE6E,39
3327,H15DO,39
3399,5VLRF,39
3427,7404D,39
3911,DH69K,39
3971,E03SR,39
4274,ZUV4D,39
5796,6R0Z5,39
5812,JNQKQ,39
1338,MX6BF,38
1347,I30KB,38
1494,CTQEH,38
1704,EAMZR,38
1810,01IEO,38
1867,65M2N,38
1906,0OD58,38
1929,QMJ6J,38
1998,DJ7YG,38
2263,Z5WCE,38
2309,VB31T,38
3420,8BN10,38
3690,IWJFO,38
3995,5F7EI,38
1088,7BMCX,37
1208,YZ7ZS,37
1365,IP6VW,37
1395,VVOG7,37
1727,WHCNY,37
1769,Q9G2U,37
1812,0CKHT,37
1905,31IUT,37
1907,TDLRP,37
1996,RTYJZ,37
2271,DEGR1,37
2297,878W8,37
2364,URMQ0,37
2643,EG9SP,37
2686,PZOUM,37
3024,NOWXS,37
3584,A7N3L,37
1455,Y8V8J,36
1596,BUR2C,36
1731,A72X8,36
2015,7RY83,36
2118,E6BDF,36
2149,2EA1M,36
2289,U02QL,36
2346,E2REV,36
2754,4VA7X,36
3005,F8THC,36
3587,G3QLZ,36
4104,2I5M8,36
1252,0JD0P,35
1315,TA0AW,35
1331,PM13G,35
1589,HPXYV,35
1643,G1GTJ,35
1755,07GHA,35
1776,DANJC,35
1868,MYO8D,35
1972,754HG,35
2303,08F28,35
2574,5M4KS,35
2596,NKEJZ,35
2703,VGY6T,35
2857,0Q2SK,35
2870,ZHQJ1,35
2978,311FH,35
3022,ISYF3,35
3094,R5298,35
3136,IZIKJ,35
3215,1FVLA,35
3500,W8V34,35
3506,HP8AG,35
3522,1B5XA,35
4029,JHUY4,35
4574,SVH3D,35
1070,25CJ5,34
1352,I46EJ,34
1432,AE8NP,34
1470,YKBYK,34
1477,53ZYQ,34
1547,T4MAL,34
1559,S7DDX,34
1574,74NL5,34
1662,6CFIU,34
1666,3CLNY,34
1803,77QCV,34
1918,CVGWO,34
1994,J9VDM,34
1999,NABDK,34
2007,2EZ4J,34
2057,UMIV5,34
2058,5LLTU,34
2369,RSCTQ,34
2482,PFR5H,34
2629,XOWJQ,34
2725,7CEO7,34
2941,YS1VF,34
3317,DNCR5,34
3488,CGK7B,34
3515,TTXER,34
3656,YC36Q,34
4356,8WAGI,34
4961,2Q5KW,34
5131,ZVQ7Q,34
1037,DPAB1,33
1269,81B39,33
1289,AOM3I,33
1357,JZDXU,33
1440,3ME99,33
1441,83L3A,33
1497,ZDER3,33
1546,7BXS6,33
1754,OGGHJ,33
1789,YIYJX,33
1884,ZQVBF,33
1939,XI6YM,33
1963,7N66D,33
2077,WRH6J,33
2091,8PUKV,33
2143,LWE9G,33
2216,I4826,33
2251,DAIME,33
2351,GLVS9,33
2530,TJ7KW,33
2539,6IWYJ,33
2545,3LK09,33
2564,XYK9B,33
2597,D8S00,33
2633,2A1CW,33
2817,IR4KN,33
3083,ZT8X8,33
3113,BAGFX,33
3231,MZVSL,33
3468,LNMS8,33
3524,LB9YA,33
3673,BGZL2,33
1043,QWSWG,32
1305,MHPLR,32
1509,367PT,32
1539,6DQIY,32
1629,MKREJ,32
1695,EZ65T,32
1710,03C6L,32
1814,L5L2Y,32
1856,1H4DM,32
1875,2K09R,32
2003,VW5BM,32
2006,L5NG9,32
2201,19KVU,32
2260,CYRO1,32
2329,E2OJD,32
2384,GWONJ,32
2389,UQFI1,32
2426,0RVXC,32
2442,CVVZ9,32
2466,UQR4J,32
2470,H06E3,32
2478,1E39O,32
2541,W59QS,32
2580,LEYMS,32
2696,QLX8W,32
3029,I8RB6,32
3105,YBMVG,32
3123,1Y9RZ,32
3147,Y6T75,32
3179,NRS3D,32
3329,JCCAT,32
3746,6TFC2,32
4153,G14GT,32
5082,RIU0G,32
1065,GID11,31
1082,A6Z4C,31
1102,NJRVO,31
1240,H8LCU,31
1288,RI2GD,31
1334,3I7DJ,31
1378,4BYOU,31
1519,6DVMD,31
1561,4I10N,31
1564,K67NA,31
1642,LR24M,31
1945,FZR3E,31
2045,4KHX0,31
2064,BWS6J,31
2079,ZT2G0,31
2138,G537W,31
2202,FQYCX,31
2226,2984Y,31
2307,NJ0HK,31
2394,Z66QB,31
2417,MLDO2,31
2576,8RZE4,31
2628,I8LJF,31
2668,YVI31,31
2689,T6OZC,31
2738,GFC7D,31
2885,A7PIF,31
3069,I1MDT,31
3255,M9RLF,31
3419,HRNS4,31
3481,OH0WD,31
3607,HTSTD,31
3613,WDWG4,31
3762,VIFUS,31
4121,44U4H,31
4228,ROE8X,31
4229,ZMNLW,31
4649,T31G2,31
1024,E63V3,30
1104,RNDL2,30
1145,7BGJ9,30
1164,5543M,30
1191,JSNFH,30
1313,OQ8X3,30
1469,OA457,30
1599,KWULP,30
1615,YYYV8,30
1672,KIVTJ,30
1800,CEBU8,30
1887,O1OPL,30
1951,EDF4L,30
1958,CM8EQ,30
2024,CU1VE,30
2067,FL9TA,30
2179,0ZPT1,30
2181,PX1F5,30
2465,0JP69,30
2522,S64PU,30
2542,6JXQ3,30
2639,ZERIC,30
2739,8Z02T,30
2780,RKVNL,30
2872,H31US,30
3131,07OCK,30
3172,61L0Q,30
3316,IYJEJ,30
3389,4V5YW,30
3448,52BYA,30
4315,RBOXV,30
1089,4EKR9,29
1303,O8BRA,29
1327,2JVLK,29
1366,H8SM0,29
1446,HXE7H,29
1720,ZZM1A,29
1734,PDAWU,29
1767,YVZC5,29
1804,NN1XJ,29
1866,GWJMM,29
1944,XFPMV,29
1987,YNCC7,29
2018,BFXBB,29
2072,LN9RY,29
2103,U3XYL,29
2167,V3QO0,29
2191,55TC6,29
2257,329MB,29
2883,LPXKP,29
2910,I8EDF,29
2944,B82LD,29
2963,ZH6RB,29
3104,0V9JD,29
3167,AHJAJ,29
3197,3GW4X,29
3199,CM2C0,29
3210,RJ5PQ,29
3356,IH57V,29
3811,AE1GC,29
3921,18O0R,29
5225,QHG67,29
1187,53UL8,28
1263,0H5CR,28
1373,0IM8B,28
1402,89U3Y,28
1451,MEWW0,28
1461,QJD64,28
1536,N9B79,28
1537,FF653,28
1544,2GC0V,28
1676,GA7VI,28
1746,EHERP,28
1774,85P5R,28
1883,IW3JP,28
1885,0121I,28
1984,TJ07D,28
2134,J7KLC,28
2215,0QK7Q,28
2265,JNA5I,28
2267,74OPV,28
2281,WPVFU,28
2333,YK0F8,28
2356,U9ZG4,28
2589,10ZNC,28
2621,B1G2U,28
2651,RJKJS,28
2656,XSAJ4,28
2662,52ANL,28
2729,WY7G5,28
2796,M1R4J,28
2816,W83VZ,28
2845,LOAMO,28
2846,CDHNN,28
2873,3RPTZ,28
2878,Y26NP,28
3151,1LSZ0,28
3165,2GW99,28
3289,K6XVT,28
3298,XJQVF,28
3341,80DJ1,28
3530,5S5E6,28
3582,758FK,28
3782,EQVEN,28
4067,FQNYO,28
1001,0EM7L,27
1150,3N11J,27
1251,JYR24,27
1316,4DJ5Q,27
1399,V3239,27
1562,ECUP5,27
1581,CTIXM,27
1821,JSLMY,27
1985,2666K,27
1989,HYDRJ,27
2192,F6J2N,27
2213,8T4HQ,27
2419,9I5KY,27
2447,6SW9R,27
2472,N1PEK,27
2507,ZCJOU,27
2524,ZFZHM,27
2547,BONZA,27
2555,DSXM8,27
2565,4HR4Y,27
2625,UIEKH,27
2641,V0O35,27
2697,X19RC,27
2731,R0CGL,27
2879,MD4V4,27
2931,L9EPW,27
2979,HC74W,27
3011,9L7JE,27
3232,S6BYK,27
3234,VICKC,27
3246,LGT7L,27
3466,H7KIJ,27
3526,PNWS2,27
3605,1C7Z3,27
3828,C9359,27
4648,TM13J,27
4742,EDZ1Y,27
1103,E7POD,26
1207,PQ7MM,26
1287,ERYF4,26
1364,Q3X2V,26
1566,QWYU9,26
1671,C7KWN,26
1737,OUWHY,26
1762,GG0AL,26
1788,QK6WR,26
1839,L2AVT,26
1848,R17GT,26
2068,S8VBW,26
2120,MONOC,26
2347,H8P2L,26
2415,EZNY2,26
2429,3W39C,26
2477,NK0VC,26
2492,7DUMI,26
2618,IYMCH,26
2837,ALCBG,26
2842,W9JX2,26
3009,JNWFX,26
3204,1M4CC,26
3350,MKLZB,26
3418,XRQ8S,26
3451,3IL3H,26
3745,1LRSF,26
3820,TBT71,26
4015,LQ018,26
5190,5BOMH,26
5710,XJBHJ,26
1071,AK33R,25
1178,Y2U6K,25
1310,HR6V3,25
1374,3CMFR,25
1549,3ZY0H,25
1584,SN48W,25
1622,IXYNB,25
1655,S1CW9,25
1658,VFM8G,25
1738,RMOC0,25
1781,KYTMX,25
1858,IUUQ4,25
1975,TAYJZ,25
1983,GMDUY,25
2011,YK3AC,25
2108,MPLG7,25
2114,72CDS,25
2190,NPO3I,25
2223,7ROE1,25
2244,CWKLC,25
2286,UPODU,25
2288,CRAE6,25
2290,5XGAJ,25
2292,W2DLB,25
2319,L5PIY,25
2325,A53XB,25
2386,GU9QE,25
2520,3FH2M,25
2531,VUD1P,25
2540,86RW3,25
2551,TM5MS,25
2631,3Q4HX,25
2642,R0K6E,25
2690,SXEJE,25
2728,L3TSH,25
2746,437R2,25
2825,L4NSB,25
2882,MHYR4,25
2896,6HPO4,25
2906,R3IWA,25
2916,F1UVK,25
2940,IPQP5,25
2987,BZ6FH,25
3092,CG8C3,25
3112,PRK12,25
3168,4AZHE,25
3195,JCSZ5,25
3324,Y1JVR,25
3376,QSKQY,25
3377,PNUFV,25
3482,JJMII,25
3724,V6ZRG,25
3859,JL6W1,25
3996,BA0U0,25
4767,JRS3R,25
5707,3TDCD,25
1039,RVZ6I,24
1221,7X6ZN,24
1274,KE0PX,24
1286,TUV75,24
1325,TMW2A,24
1329,AH0E0,24
1423,YR1OH,24
1538,881OB,24
1570,4TPW4,24
1609,F3KBN,24
1641,FWQ39,24
1712,MO69C,24
1752,KQKHX,24
1816,0ZTQC,24
2005,LZO5K,24
2128,30LRH,24
2141,FY0RL,24
2211,UWKXU,24
2276,72SO4,24
2355,UOOKY,24
2420,H7K3B,24
2468,IWN1K,24
2483,TP9K5,24
2743,I44Y5,24
2863,D1UGK,24
2867,DG6BN,24
2884,KY05V,24
2907,HOKUT,24
3001,6BA3D,24
3067,H23PU,24
3135,2JLQG,24
3174,LJLH0,24
3262,HQFYU,24
3441,HXTE5,24
3473,KMUZS,24
3696,5TQSJ,24
3970,L61A1,24
4209,RV4K9,24
4262,Q8KU2,24
4491,8OT3N,24
4813,KVHVG,24
5049,8BJQ1,24
5359,KSIYN,24
5723,MXDHL,24
5725,0S375,24
1281,AYAJU,23
1335,IST2P,23
1403,0ISQE,23
1444,YHMLE,23
1449,84E9S,23
1597,CVEB3,23
1826,UJBMD,23
1838,0XV51,23
1862,V541X,23
1871,U8PIH,23
2039,X8B9P,23
2101,BXBUH,23
2122,BP9JD,23
2178,HMT2R,23
2207,WQ7CB,23
2382,062O9,23
2471,EFQ0Q,23
2685,SVT67,23
2759,KMCD2,23
2799,UYXTJ,23
2962,VL9SL,23
3106,S0YU9,23
3109,93JZ4,23
3141,ZGWR1,23
3208,3IN0T,23
3211,2XHV6,23
3251,7Q5A4,23
3264,YBIDZ,23
3301,PKLO7,23
3302,Z7P1C,23
3326,IE5E7,23
3343,LMXBH,23
3395,15T4G,23
3528,XLSY1,23
3554,W731S,23
3786,AKNS2,23
3816,N25TU,23
3894,RJJL1,23
3981,UW49S,23
3999,MX0ZO,23
4072,MB1MI,23
4169,ZRKO8,23
4515,HUALX,23
5253,TDFKY,23
1026,NEYQ4,22
1108,E6T47,22
1111,4BPPU,22
1273,VGIW5,22
1302,D0DLN,22
1400,UM9G8,22
1404,TJBGJ,22
1510,V36PA,22
1515,KGVRC,22
1632,OT000,22
1698,T940Z,22
1703,9AJZN,22
1761,L5838,22
1833,5NW77,22
1974,J4MPJ,22
2121,RTKX3,22
2160,VLD25,22
2261,D9NGV,22
2266,J22MN,22
2306,07NQU,22
2326,POYGA,22
2416,0ZTO4,22
2504,JK08J,22
2537,F3M35,22
2584,9YGOS,22
2681,RKB6A,22
2722,JTIHZ,22
2762,KGRJ3,22
2805,W36ZQ,22
2903,TO211,22
2936,PZT52,22
2991,CM3JZ,22
3040,BYXC1,22
3091,2A3WS,22
3099,3FPTW,22
3128,IC0NY,22
3138,1LSWS,22
3279,XVH08,22
3293,7PLZY,22
3322,VQ1WK,22
3323,CEMS6,22
3398,KKLTU,22
3517,37UV3,22
3585,QFMAR,22
3717,YNDB2,22
3902,5Y4F1,22
3938,CMXQE,22
4000,FIK0X,22
4091,NHSIQ,22
4231,I4HY8,22
4421,NYICE,22
4622,NHJN0,22
1450,29GV1,21
1483,RWLKX,21
1778,MCN9Z,21
1786,4ZXLR,21
1836,UQZX2,21
1899,QRYZ7,21
2158,6SXWD,21
2187,EFRI7,21
2197,AMJ1M,21
2220,5KLUY,21
2232,L7WBO,21
2282,CW8KG,21
2287,CAFTL,21
2339,CIFHC,21
2387,072QJ,21
2418,JA5K8,21
2421,9T8UV,21
2441,P8K5Z,21
2459,SAA3X,21
2605,0M003,21
2675,BLRFP,21
2766,08UZX,21
2770,J2B7U,21
2781,XX91B,21
2953,X9QXQ,21
3023,6WB17,21
3073,VUOND,21
3160,8LSYC,21
3239,UDZ7K,21
3368,X09K0,21
3392,AK0X0,21
3789,XFWW8,21
3815,6ML92,21
3829,I1LO4,21
3898,CDAEY,21
4013,ZC5Z4,21
4027,RQH5S,21
4124,MUJ4B,21
4608,CRCS4,21
5038,SYKJG,21
1041,LP9DJ,20
1058,4TTS2,20
1130,HO1M5,20
1155,LGDUB,20
1182,G5W0N,20
1317,T6WLQ,20
1346,M8SIH,20
1355,PQUFN,20
1393,GUNTP,20
1425,YMPNC,20
1429,53F9W,20
1543,7081I,20
1553,92US4,20
1818,RYK04,20
1872,Q8A50,20
1977,NXTVK,20
2040,DR8BG,20
2145,4V5N0,20
2170,ZHZVL,20
2393,TR82G,20
2437,0NZLJ,20
2455,6WHIK,20
2534,LWXUX,20
2579,WTAAM,20
2622,8Z930,20
2645,FW9UT,20
2665,4HRWK,20
2717,JP7F2,20
2755,DWYF6,20
2771,7RU0K,20
2826,S1PO6,20
2839,8X9Q8,20
2850,6FJPK,20
2875,L99BG,20
3236,2FGPG,20
3278,PGRQT,20
3335,1RZSS,20
3372,VF29E,20
3391,FDWV0,20
3769,2CW6D,20
3858,P5GU1,20
3926,MXKDP,20
4098,VQN23,20
4115,CUOH5,20
4261,C2OWZ,20
4372,YLATH,20
5033,XT0W3,20
5829,MQQOV,20
1030,NIXNF,19
1042,XHB4M,19
1165,ODYUV,19
1176,61YKF,19
1193,Q8411,19
1311,A2V3K,19
1416,GQ4V9,19
1505,T0OVZ,19
1690,GB2HW,19
1785,EKU0B,19
1846,IL1H8,19
1898,XJ6DD,19
1908,1URCQ,19
1916,VXC25,19
1953,H5VZS,19
1966,XJ3GU,19
2041,MEFJ3,19
2237,QY5U9,19
2242,BEQNG,19
2262,XP4L1,19
2370,QMBUB,19
2516,KXGSN,19
2560,K68EA,19
2603,OHYWB,19
2637,GBFC5,19
2663,XJ5NI,19
2688,3525M,19
2756,RHE6C,19
2764,QR6S4,19
2871,6931C,19
3071,L1GXB,19
3090,9JOPK,19
3156,2GAM2,19
3177,QJ00W,19
3192,QTOCQ,19
3220,EZE6D,19
3249,SYFGQ,19
3305,6T22C,19
3354,HIWFG,19
3483,EML75,19
3487,CSL7G,19
3653,T9I08,19
3693,9YP4S,19
3979,84E6A,19
4037,KOQ4K,19
4075,BRS7T,19
4216,KND9L,19
4226,CUASB,19
4538,KGN9G,19
4794,DHP66,19
5930,AV4D6,19
1119,NZQS5,18
1387,TA8I5,18
1420,BBC93,18
1430,X4VJT,18
1438,TGWSW,18
1556,LYZYR,18
1825,BCL2Q,18
1829,PDW7Z,18
1926,ISRFR,18
1928,E52O9,18
1967,CYRX4,18
2042,QB0I2,18
2054,IDRD6,18
2123,F83R7,18
2343,Q08UV,18
2403,FONDQ,18
2444,B737X,18
2463,78AM5,18
2598,K0NDO,18
2608,CX1BP,18
2632,JV8TS,18
2634,WEXZZ,18
2775,YTP53,18
2779,77SUN,18
2787,MGZ43,18
2807,THO7A,18
2833,CZ3HK,18
2860,MEGVM,18
2888,UHVM5,18
2927,GUUG4,18
3086,0SSF2,18
3157,T127S,18
3203,JGJCE,18
3228,KHMGB,18
3229,TNUX8,18
3244,8K7PL,18
3247,VJCK4,18
3344,LAA20,18
3452,WW8FZ,18
3544,NV6VA,18
3560,YMF7O,18
3632,ER70A,18
3700,2ZD2R,18
3736,2T66J,18
3906,4QNBC,18
3965,OE0WZ,18
3973,CQ3PQ,18
4007,X4IWL,18
4056,7XJP1,18
4130,BBGH1,18
4186,LDPE9,18
4220,6BZZ3,18
4652,ZHUS2,18
4837,KD6JA,18
5117,HBAOF,18
5679,M9B7U,18
5830,V42V0,18
1214,MYO3P,17
1337,DPNWZ,17
1485,W69MG,17
1600,L8OBL,17
1679,UO4JS,17
1808,7YEHP,17
1997,3AYI8,17
2016,6MBCQ,17
2017,P62ZZ,17
2026,51GGZ,17
2240,OIOTM,17
2280,OMSZH,17
2323,A0PPE,17
2348,WDBV5,17
2431,BBIKZ,17
2451,MNUNA,17
2552,QKTH2,17
2700,ISBLS,17
2726,8XBJS,17
2730,RZPK7,17
2752,PUP5V,17
2778,BC9TE,17
2806,IV3T1,17
2909,DVRJA,17
2958,YPH1H,17
2965,0OR9U,17
3007,S5OMF,17
3025,Q988U,17
3100,K4JV9,17
3116,TW92S,17
3137,X5ZQ2,17
3139,UJZTW,17
3253,88OZ9,17
3270,7DN07,17
3332,1DDOX,17
3342,WXA0M,17
3348,OE1QK,17
3355,J9RYT,17
3457,BER1D,17
3460,NCWBP,17
3474,HSQGZ,17
3572,ILTI1,17
3615,463ZE,17
3636,UB1BI,17
3698,VVYWS,17
3716,W8UQN,17
3761,T7UHD,17
3767,RS9YD,17
3814,JPNAY,17
3842,9MLCO,17
3895,6J4Z7,17
4243,5PQRH,17
4342,W5Y4E,17
4379,PUZFQ,17
4449,54J4W,17
5535,F6GCP,17
5896,64TJV,17
1047,O1RNE,16
1120,GYQNP,16
1261,3RJ5R,16
1300,VIXSK,16
1542,8XUSX,16
1586,2XXGI,16
1618,B0AQH,16
1682,IONVH,16
1692,K9LA0,16
1697,1W8DO,16
1728,I57O1,16
1735,N08KW,16
1742,KHSZJ,16
1793,CRNMV,16
1806,C395R,16
1845,NO6UB,16
1919,AJBZ0,16
1980,1IIC6,16
2004,J2YHD,16
2037,F8BK2,16
2093,IQXUC,16
2125,RGABL,16
2132,KJKFK,16
2154,XJCRL,16
2204,JWAL2,16
2279,T5BW8,16
2310,GA8QX,16
2314,4QGXB,16
2330,ESMPE,16
2414,6SPWZ,16
2538,5DMDL,16
2561,5QDQD,16
2593,SUUK0,16
2595,R9HDH,16
2609,R0DLO,16
2638,A92Z9,16
2661,OHK1H,16
2677,W5KZ5,16
2713,KMWQ9,16
2719,9YEDF,16
2724,1JJUH,16
2773,9Q5PZ,16
2785,CMBBZ,16
2819,Y74IG,16
2935,MQDBG,16
2945,KIUNS,16
2970,GSQZP,16
3027,B5EB7,16
3035,GY8TH,16
3041,K6UBC,16
3237,ZQSUH,16
3238,J5KGZ,16
3258,AKKVY,16
3276,RJM2J,16
3291,7OJDA,16
3358,Z7NJ2,16
3383,GIAF2,16
3394,PSF53,16
3425,O0P6L,16
3495,6IISH,16
3503,ZJ1F8,16
3571,GTTF3,16
3683,O23RJ,16
3707,E6O8G,16
3817,WX81P,16
3956,G9ICP,16
4012,M7UIM,16
4014,D2ORC,16
4028,2B97D,16
4163,D8ZLI,16
4490,ZOEML,16
4512,98VTD,16
5917,WXB1K,16
1017,YJTMP,15
1161,WK41K,15
1194,K0TXH,15
1215,0BXVJ,15
1225,0VP78,15
1230,T4T9J,15
1475,2GSVD,15
1479,IAR1N,15
1491,B8RA7,15
1534,9C9WA,15
1571,ELXU9,15
1689,8TZ00,15
1748,A233P,15
1763,AJVOG,15
1807,ZNT7G,15
1888,9EUNP,15
1893,JL1MF,15
1894,8IK4D,15
1936,B78UJ,15
1962,TFBST,15
1965,495BR,15
1986,Y203L,15
2163,MZHZ5,15
2296,HYD2L,15
2337,VN28A,15
2374,80C5V,15
2377,NV1TM,15
2433,KW4UJ,15
2446,KN4JA,15
2450,HTAV8,15
2575,XN1WN,15
2583,JZ04D,15
2623,0H8QD,15
2649,ZQHW6,15
2655,8TEK9,15
2664,OIMDB,15
2735,II7JY,15
2802,TL6IQ,15
2804,055SH,15
2822,G9HRF,15
2852,VGPG0,15
2905,HWQK5,15
2942,GDNDL,15
2955,RCCRJ,15
2980,BE6LA,15
2983,9PCYD,15
3042,4ZQ97,15
3057,UTE9R,15
3068,VGF31,15
3140,MLAK3,15
3155,J4CBM,15
3173,E5ZPW,15
3180,D099A,15
3181,DOZVN,15
3242,09K06,15
3286,K4AQR,15
3338,T34H5,15
3498,DXEH9,15
3519,NXWQ5,15
3642,NFILT,15
3643,5WHIC,15
3649,ABSRX,15
3758,AU3H7,15
3760,V9D2D,15
3772,AR89N,15
3840,7NSSW,15
3856,9I2RL,15
3888,1896W,15
3913,AVRY9,15
3914,4JEU0,15
3935,HSG80,15
4101,SLX93,15
4219,00OK1,15
4316,N8TYX,15
4344,5TJJY,15
4364,NXVBU,15
4715,ZIBDK,15
4962,YGPEE,15
5522,170LU,15
1008,AHZNS,14
1077,7YTSF,14
1401,6JED4,14
1422,KZ77R,14
1443,BC7PM,14
1593,UIANJ,14
1638,OP9H1,14
1667,LRWG4,14
1684,DSYAU,14
1765,CVU6B,14
1809,WKRVM,14
1865,X5B2G,14
1880,2SGQB,14
1909,4JE48,14
1913,NFO9G,14
1915,7Z8G9,14
2002,1WQ40,14
2036,J0RV9,14
2060,T5AGN,14
2081,XCYOP,14
2137,ZYF2U,14
2200,16GCL,14
2218,V4RNX,14
2277,9L8OC,14
2376,374X6,14
2488,32MUB,14
2536,5ZREP,14
2646,3ONZ2,14
2716,JBXUP,14
2723,UONYV,14
2727,XUP88,14
2758,NN4CC,14
2821,H12NU,14
2869,1H500,14
2897,L0B6H,14
2922,HRNBD,14
2946,IIQ89,14
2966,8RAX7,14
2995,ZSK87,14
3033,2BDVN,14
3037,6T7C2,14
3111,TRHBK,14
3118,N89FM,14
3132,DNCI7,14
3146,WYF1Q,14
3193,1X0U6,14
3241,Y9GMO,14
3256,DE1MW,14
3373,K7ARZ,14
3381,6LN2U,14
3408,VUDG1,14
3439,WUVRD,14
3442,WR8IE,14
3542,W044R,14
3561,3NCL3,14
3577,JOSU8,14
3623,IER2C,14
3631,Y847I,14
3633,O0NME,14
3650,H67AJ,14
3714,8K237,14
3752,94434,14
3785,B4L8J,14
3793,5CZ3O,14
3808,NWMHM,14
3853,LG4D4,14
3863,VRZLH,14
3972,DS9Y6,14
3998,4Z91P,14
4035,MBB6K,14
4066,KUWZT,14
4084,DV8BA,14
4108,3PPKR,14
4162,RT7VE,14
4266,DPTTK,14
4268,ARHNE,14
4368,3IIDV,14
4377,P113L,14
4378,YE6XB,14
4428,JERRV,14
4510,RW84S,14
4534,GEW7S,14
4536,QL9HE,14
4582,MAJO7,14
4623,PVMO1,14
4661,2MA41,14
4772,Q2G19,14
4774,AGJ1W,14
4815,SCRI5,14
4872,O36LF,14
4876,3SNEV,14
5005,4XQSJ,14
5106,FUBOW,14
5630,XEYW9,14
1090,9FTYM,13
1186,ENX9M,13
1211,Z2AX9,13
1414,QKVBK,13
1498,GQA5Q,13
1552,U7WMV,13
1576,TKGM0,13
1648,32XWN,13
1726,YM5QP,13
1784,SBD8R,13
1802,RIDZ4,13
1873,1MGBO,13
1917,51HG5,13
2030,TP25C,13
2070,5EUUS,13
2092,Q4DBK,13
2097,096X4,13
2104,Y08UQ,13
2169,UUVJI,13
2174,U4HWE,13
2198,AWK0C,13
2227,V8SF0,13
2256,XL5D8,13
2353,IA3GJ,13
2448,FJPZ5,13
2489,70YYJ,13
2498,QFU9M,13
2500,4FR63,13
2581,2XJ8W,13
2648,MWP9P,13
2678,7SP2H,13
2734,389K0,13
2749,TSE5P,13
2784,5W5FN,13
2848,IO6T1,13
2854,DL0NC,13
2862,R5D5Q,13
2918,11QKR,13
2921,1ASX6,13
2939,NK7S7,13
2950,JONMY,13
2956,1FA7D,13
2996,A31C5,13
2998,PZ864,13
3017,5X0PS,13
3028,YNM2G,13
3044,28249,13
3054,Q5U5W,13
3080,ENB99,13
3142,O99DF,13
3209,0KYGK,13
3277,G4701,13
3307,YSTGR,13
3334,0KRMR,13
3385,1H9X7,13
3414,RFE5X,13
3470,F426N,13
3553,74AOE,13
3601,2TFNB,13
3602,LNCN5,13
3620,CYL0J,13
3674,O9GW9,13
3765,YSPVL,13
3781,BEWZT,13
3792,P8V1K,13
3826,2LAHV,13
3987,1XQMJ,13
4068,AK71D,13
4076,1MZDS,13
4122,70H2W,13
4135,GPT5Y,13
4141,VASOK,13
4170,55FAC,13
4273,69AYY,13
4302,GGHD8,13
4438,1EP5E,13
4555,7JATJ,13
4605,D5XZP,13
4875,P1510,13
4890,34FHM,13
5350,O3SZB,13
5380,D54U9,13
5432,QVLBS,13
5509,PUDYL,13
1131,699MN,12
1262,7LHYM,12
1312,2W6DM,12
1339,U6H2A,12
1512,H6ZVF,12
1563,SL4AY,12
1653,0HYB2,12
1674,8OXUS,12
1686,5GHVF,12
1696,TKBU4,12
1768,77QNY,12
1920,QMIYN,12
2021,0A3I2,12
2168,DBLSB,12
2229,YDH8O,12
2233,11ECS,12
2250,2JNG2,12
2278,J43YE,12
2305,J2FBX,12
2378,ORPWM,12
2523,59WYE,12
2554,OQJWH,12
2559,CQVNE,12
2627,K50A2,12
2635,K9F4Y,12
2644,FE0QB,12
2710,VULD8,12
2715,4J4SH,12
2733,RXFDK,12
2793,QI5SQ,12
2849,ZREYF,12
2861,7W8WS,12
2865,YKTBM,12
2868,0JXMY,12
2981,18TP1,12
2992,CQC5U,12
3031,INIHO,12
3048,LF19C,12
3066,V5HO6,12
3074,HG0HO,12
3075,9ITSX,12
3088,I08XT,12
3170,SCCWK,12
3186,W33OQ,12
3235,K885N,12
3313,4009E,12
3360,QH0C9,12
3367,KFIKJ,12
3379,UXQWF,12
3444,AS8VB,12
3450,V8YOY,12
3477,JXS0N,12
3491,RLX5C,12
3513,7V802,12
3533,9EUCZ,12
3535,377XI,12
3538,VLNIS,12
3548,1LGOH,12
3583,GZS2N,12
3628,S8KC6,12
3637,YX5HU,12
3661,4GPSA,12
3676,XY3GZ,12
3680,8ID35,12
3702,BMJ6C,12
3711,6RAGJ,12
3718,B214N,12
3780,9E3ZB,12
3874,DHGQP,12
3939,QSYHX,12
3940,KIDSZ,12
4022,1.47E+02,12
4046,S3T1D,12
4048,5DYNB,12
4054,CRXP2,12
4062,0UB8R,12
4097,DRSJH,12
4125,RJRAR,12
4197,4RZOI,12
4250,Y88FU,12
4294,ZATIN,12
4319,P04QO,12
4384,Z422K,12
4496,LJTIS,12
4523,NZ3BW,12
4546,CXUR4,12
4590,AD9HO,12
4737,TJ3A8,12
4740,NG16O,12
4858,O937V,12
4917,MKI19,12
4982,U8MRP,12
5000,DYD2E,12
5092,PVWWM,12
5139,G6KNS,12
5186,NRIGH,12
5422,QBB3D,12
5474,WL8K6,12
5722,CO8TB,12
5916,WK6TH,12
5936,DTY8S,12
1167,BP4WV,11
1206,CC028,11
1224,0WRXS,11
1496,4I1VS,11
1610,8ZYG2,11
1694,A80CI,11
1971,CZ4DJ,11
2022,S85ZO,11
2073,5Z0N2,11
2096,P3Q8N,11
2126,L36ZB,11
2150,46FY4,11
2161,YGV2O,11
2162,0Y1U0,11
2247,5784,11
2249,9GZ83,11
2253,H0052,11
2345,XCI7J,11
2372,WGX68,11
2373,4E1BJ,11
2475,IVGF5,11
2543,2AUTF,11
2578,LWUFV,11
2582,ZO5YH,11
2587,75WCI,11
2687,SHCN4,11
2797,L0005,11
2809,FZME5,11
2838,2YGR5,11
2841,LZQOC,11
2856,J55QJ,11
2858,9AY7U,11
2908,4SAZR,11
2914,ARNQ8,11
2930,GKDHJ,11
2938,DKHES,11
2943,3QGGZ,11
2968,G2YCR,11
2971,4TUDZ,11
2986,BJX87,11
2994,EGCN8,11
3008,LNYLH,11
3019,LBL7J,11
3045,T3URV,11
3046,6YPIJ,11
3047,2XGW1,11
3063,L650N,11
3072,2BA9G,11
3076,9C7WZ,11
3078,8TNWR,11
3101,LLQRC,11
3121,885U7,11
3127,FHKTR,11
3129,WRXIW,11
3144,TGDAD,11
3182,Z60HJ,11
3187,QLWHJ,11
3190,7475K,11
3194,N9M6O,11
3196,IP5IL,11
3206,F7M4S,11
3266,USW0M,11
3295,Z3XMI,11
3297,7J1EI,11
3318,HIIET,11
3325,1IY4T,11
3357,8FLHH,11
3370,18IB2,11
3386,YV15Y,11
3397,7SV8Y,11
3471,R1B7L,11
3514,78V0R,11
3532,OVK9M,11
3597,EAP8I,11
3604,B03W9,11
3624,WYDME,11
3638,RNU2M,11
3647,0YO25,11
3686,PLRJA,11
3708,XPX4G,11
3722,2857E,11
3737,G6DAV,11
3744,5XIL0,11
3768,Z4T4G,11
3818,AI87H,11
3878,YMGY0,11
3969,8WL3W,11
3985,ICIA4,11
4036,RJH6T,11
4112,XPPRQ,11
4167,0HYIM,11
4277,L3CTC,11
4387,GP4N9,11
4426,QKP0O,11
4494,I19RQ,11
4544,HMOXE,11
4684,NXRYM,11
4820,BG0DV,11
5078,Z5HL3,11
5123,RDOZZ,11
5151,397Q9,11
5442,KXUJ9,11
5909,O6HXS,11
1375,FIHVB,10
1384,3FFTG,10
1442,5QWIK,10
1521,FDDWJ,10
1591,JU1W5,10
1716,UL7AS,10
1744,BCE9N,10
1753,KE1NE,10
1902,OKN5V,10
1993,GAE9M,10
2050,KO02T,10
2074,JQ1T6,10
2080,J2LBX,10
2115,5KYT4,10
2144,F0FI3,10
2208,OVSVH,10
2246,F326U,10
2258,I68JU,10
2291,BTIVR,10
2334,BIH4T,10
2358,S3KHW,10
2360,32HDL,10
2367,6QHM0,10
2401,Y4S8V,10
2404,9PWCC,10
2410,CD8CX,10
2411,JDJPR,10
2454,VUIJI,10
2497,QX0Z3,10
2544,O1T1M,10
2556,301QR,10
2572,MIC2K,10
2616,I3YP7,10
2767,U28NM,10
2791,BP6KL,10
2803,R9DXO,10
2843,3ABQV,10
2844,I3TKV,10
2853,7MF2V,10
2859,92VN3,10
2902,U1CZ3,10
2937,UKBVJ,10
2951,IVK1M,10
2972,M02GG,10
2973,2K2R2,10
2984,L9HTV,10
3036,3O7UX,10
3052,LONFY,10
3084,MX9ER,10
3183,0AKGM,10
3217,BL703,10
3243,HFRW2,10
3250,4IWR6,10
3259,I8QR1,10
3268,I47E7,10
3269,ILJKN,10
3284,ZJLCR,10
3300,BOLYW,10
3303,DZAPE,10
3311,CS12Q,10
3364,PCIBC,10
3446,T935V,10
3454,7YNDT,10
3493,JKGTH,10
3575,TF039,10
3590,NIF84,10
3591,9915W,10
3610,TKIKC,10
3616,B6361,10
3618,M4U8I,10
3732,NVHXH,10
3803,AO36P,10
3933,0VFO4,10
3961,EGBGB,10
4025,BOZXA,10
4039,EYZNA,10
4050,NU1L9,10
4071,F849J,10
4093,GC6BS,10
4227,0BWHE,10
4234,UNS6E,10
4253,R64Z1,10
4255,R8LX0,10
4275,BQMUV,10
4307,PQ0JJ,10
4343,2L6ZZ,10
4348,Q9REE,10
4385,3LJM9,10
4399,S5MTC,10
4406,645YF,10
4407,37KF5,10
4427,EQSN9,10
4431,YZ2I7,10
4443,U7XLY,10
4508,8YFO1,10
4514,KCRAP,10
4558,PZ1G1,10
4592,DDH3V,10
4599,L8Q37,10
4634,59W2L,10
4798,63CE4,10
4844,LNKBU,10
4928,QP3O7,10
4951,FEROD,10
5105,QM9BP,10
5387,KK3EK,10
5414,EWWCI,10
5537,Q9W73,10
5955,3UTY8,10
6058,9MRD7,10
1256,OQCLK,9
1298,HWISP,9
1308,0CSPY,9
1371,5T5MZ,9
1501,93P23,9
1507,KWENZ,9
1656,GT7VZ,9
1659,9Z2TM,9
1705,NI9XF,9
1714,PEP5N,9
1736,TJG4G,9
1751,8AAB1,9
1798,BMVO0,9
1835,W3OJT,9
1903,DSBIQ,9
1978,2BK2Z,9
2010,FBVED,9
2052,CHY0A,9
2148,IDYUJ,9
2171,VV9GJ,9
2212,SEH7I,9
2284,U3RHM,9
2331,K2KD8,9
2338,FBR42,9
2362,73FVB,9
2399,MTC5V,9
2464,FM8AB,9
2476,GFSX0,9
2512,TLBYI,9
2588,NMPWW,9
2647,4NNFC,9
2657,996DQ,9
2659,3EXBZ,9
2667,7SOIX,9
2706,4K578,9
2736,85B0U,9
2747,NGK2K,9
2834,OOCC1,9
2895,KI7EJ,9
2926,WW1QR,9
2999,W5G9N,9
3006,ICQB0,9
3032,X36AP,9
3070,RXJGR,9
3120,YPATD,9
3133,4KASB,9
3134,TZ3SY,9
3221,DHLET,9
3248,ZGU1Q,9
3252,NI0T0,9
3272,QLKCI,9
3281,382U4,9
3282,JA65U,9
3285,L41UM,9
3288,4TGWO,9
3340,E43A5,9
3351,11APN,9
3352,M8VNR,9
3387,Z97UP,9
3410,V9QEM,9
3437,L7M50,9
3447,PZAIH,9
3555,WO3XT,9
3598,O96EJ,9
3622,ZBSK2,9
3655,ZWWB5,9
3688,8B7KH,9
3695,1EIVD,9
3726,PGVQS,9
3734,KE8SR,9
3771,HPEW5,9
3796,21EOP,9
3797,VBVDE,9
3802,GQKKN,9
3806,NRRDV,9
3834,SL47G,9
3876,4BM61,9
3975,A61L2,9
4023,1W6G9,9
4060,0GLIK,9
4092,PFAX3,9
4110,YZDD0,9
4166,W6SNJ,9
4278,Z48EN,9
4322,RV88R,9
4332,0CUIK,9
4409,E43EK,9
4410,FL4AQ,9
4415,O79U7,9
4524,GW22J,9
4533,GNYX3,9
4540,U6B1U,9
4635,5IFAL,9
4637,WEC1X,9
4656,5XHNO,9
4754,ZS9CZ,9
4800,I7AY9,9
4866,S646U,9
4871,A4V7B,9
4969,SGGBX,9
4994,UJ0P2,9
5039,VM8JJ,9
5159,UFSFG,9
5222,YDSP6,9
5240,YV4DN,9
5264,1JNE6,9
5410,05O3Z,9
5448,MG35W,9
5455,CNNFQ,9
5462,GYYXY,9
5494,SIY55,9
5571,MYPUS,9
5592,XK6O1,9
5636,7AIOL,9
1173,L81FM,8
1205,N0RAF,8
1349,OVBQ9,8
1394,EWQRX,8
1417,3N5OU,8
1513,4VDN3,8
1525,DQBNR,8
1548,NHQAO,8
1560,KD9VU,8
1603,9HNJC,8
1665,CB53D,8
1683,A9ZQG,8
1717,TYERV,8
1854,VMS7M,8
1860,LPEG0,8
1863,H8WLV,8
1878,W2MBN,8
1891,UFXVS,8
1940,DAB5Y,8
1976,WVJIW,8
2027,UV1NI,8
2059,V7LRF,8
2063,SG25A,8
2105,VAT9S,8
2111,G8OED,8
2112,P1JP8,8
2117,0L9E6,8
2131,P2HBZ,8
2363,XNDWG,8
2453,NZIB1,8
2458,ZMC58,8
2495,QTUGA,8
2506,H2KIS,8
2510,L8Y4J,8
2515,XCPBH,8
2590,TNNB3,8
2619,DGU46,8
2620,Q7P33,8
2721,RAXCG,8
2732,9B44I,8
2744,WFVHO,8
2900,69VRB,8
2919,VJE0E,8
2957,0SVHO,8
3015,AO4XN,8
3055,O9YYV,8
3089,8IX7N,8
3115,BO813,8
3122,2D0BW,8
3125,J0APM,8
3163,KOT5A,8
3184,HSEOD,8
3198,AJIPO,8
3222,CBTL0,8
3245,B2YZP,8
3274,YF5RU,8
3328,RP3KC,8
3333,R27X6,8
3369,T27Y0,8
3393,TJL2O,8
3406,LBZ8Q,8
3411,SX5X3,8
3423,JQ5W1,8
3455,D5JIT,8
3475,NO0AE,8
3499,B2JFM,8
3521,FU31F,8
3567,3QF8J,8
3573,VVTUK,8
3574,ZIBR4,8
3586,8ANSI,8
3617,WCUBT,8
3629,BK08S,8
3641,8UW6P,8
3675,AG6LP,8
3679,LRN0Z,8
3699,2GJ6S,8
3710,3BJ4H,8
3747,055UG,8
3770,R5XXV,8
3774,JNWUX,8
3783,7TEA0,8
3791,OZ3QJ,8
3851,8TJ6P,8
3862,R1UJG,8
3864,W2GPA,8
3869,EBS32,8
3931,4AJLB,8
3950,U6HR1,8
3951,A9B55,8
3953,KHAET,8
3974,5FVQX,8
3997,3T7PY,8
4003,8TZK8,8
4004,YMMJO,8
4020,M24EZ,8
4041,G2HQA,8
4043,UGH0U,8
4051,CY8CS,8
4127,L1UZE,8
4144,8M07J,8
4183,K5EJ8,8
4193,6MN0P,8
4196,MWNJD,8
4217,FXPN5,8
4237,HVVC8,8
4263,JFL38,8
4276,6L4GO,8
4318,P9NWG,8
4351,1WFGI,8
4354,DM4A8,8
4360,U2OM5,8
4412,81I0I,8
4459,UK0FA,8
4482,S58V7,8
4564,YM4Y5,8
4565,8V6Q3,8
4688,LRXZV,8
4693,2W6WG,8
4720,KM3OI,8
4723,WYTUS,8
4775,CKV56,8
4795,JJBZH,8
4810,4U3XP,8
4886,0L92J,8
4909,0POSZ,8
4987,J31DY,8
5006,9EZV7,8
5024,5M25J,8
5085,2MQ1P,8
5138,6GLPV,8
5166,1W0QX,8
5169,DJDGZ,8
5198,G3W9V,8
5252,YMZ4E,8
5278,VQUSQ,8
5413,PJY8X,8
5418,FUHQ1,8
5427,TUF9H,8
5451,URW86,8
5481,JH7HA,8
5744,D5T3N,8
5810,A0WNS,8
5876,ZBPYX,8
5887,IRINZ,8
5902,TZGSR,8
5931,PZC23,8
1080,BKQSZ,7
1179,9M63N,7
1500,LPVXQ,7
1506,FZFA9,7
1526,APEJQ,7
1528,D2YKO,7
1590,P0T3U,7
1799,WU3ID,7
1904,05B2E,7
1949,4U4O9,7
2000,OZCGF,7
2049,NACZN,7
2124,T53UC,7
2130,O21RA,7
2155,615EP,7
2205,40874,7
2239,C9H5Z,7
2269,XBR26,7
2327,OOR8T,7
2425,3JAVY,7
2430,6LINX,7
2485,BW5FY,7
2491,3PV7L,7
2505,CAAZE,7
2528,XVTO6,7
2546,IGBCF,7
2563,OLDT6,7
2568,2X6I5,7
2640,CS4PD,7
2672,QR49F,7
2679,65DR5,7
2768,OECFT,7
2774,1IP8U,7
2795,X3EL3,7
2836,CVILM,7
2874,8CAJ4,7
2886,1EP0Z,7
2899,Z6HEM,7
2964,IGRY6,7
3051,TG0S0,7
3102,B0NKU,7
3149,PVV3O,7
3200,TYZL5,7
3223,X0OR7,7
3225,SE2QC,7
3273,P8FMZ,7
3346,KMNAT,7
3353,T4G9H,7
3361,V8EIT,7
3363,QYLU2,7
3365,8J57I,7
3401,FW8SE,7
3404,83VUB,7
3417,QKT9Z,7
3432,8BPVW,7
3435,73OEO,7
3443,6T7JT,7
3480,1P81M,7
3496,01IQT,7
3520,2R5LZ,7
3525,PFFNB,7
3547,OR8ZM,7
3580,OA5EK,7
3678,DTMGO,7
3703,RMF7O,7
3705,H3EHU,7
3719,QH4QO,7
3751,IV95E,7
3778,IIG5U,7
3784,ZBNLD,7
3819,NKJKQ,7
3838,J15HO,7
3839,KJ5X0,7
3841,VZDTU,7
3849,4EA8M,7
3850,AMXMV,7
3868,7BRBM,7
3870,OONOO,7
3903,BMJ5C,7
3924,0FV3U,7
3928,10TFX,7
3941,EH5KR,7
3943,BQV3O,7
4095,R886G,7
4107,XZ7MY,7
4109,PXATS,7
4113,IT1OB,7
4119,YV12R,7
4128,E0YPY,7
4173,G7N02,7
4203,1MV2N,7
4212,LIFU5,7
4223,SH48G,7
4225,MIDKW,7
4242,IEKYO,7
4256,7KOCH,7
4259,73QUB,7
4288,0EEPA,7
4337,S9254,7
4357,MKHT1,7
4403,E0C3Q,7
4455,9V7U9,7
4526,YGMUE,7
4550,9ONDG,7
4553,SP338,7
4578,E5EU7,7
4600,IGJ8E,7
4618,K9X8U,7
4686,VJUIY,7
4689,P9OXN,7
4702,WKRA3,7
4705,0RBQF,7
4732,NTIKE,7
4777,XAJOJ,7
4780,GXG03,7
4790,7SW5C,7
4851,WD5WG,7
4863,R95YY,7
4870,ENVP6,7
4891,C20ZO,7
4897,JITLP,7
4953,KBJIW,7
4966,NUBKJ,7
5010,2A2WH,7
5028,RVBQU,7
5036,19P4Q,7
5047,QIPRY,7
5132,3DJXB,7
5147,ZGQVW,7
5148,9DJOL,7
5199,QSKIQ,7
5262,PUBUK,7
5276,ZKTCW,7
5338,R8ZGH,7
5364,DSVWH,7
5401,4JE3B,7
5402,SV0DR,7
5460,NO2ZE,7
5545,71PNS,7
5764,DSY77,7
5806,VH1WB,7
5848,RJJEA,7
5859,QLT5P,7
5904,T1U8Z,7
5956,U9VWM,7
5994,XYSRU,7
6141,2NCEZ,7
1137,Y1M2E,6
1180,L9X5Q,6
1278,NDJ65,6
1368,FZV44,6
1372,9UYK8,6
1468,C3M38,6
1623,PYX0M,6
1713,5RJIZ,6
1794,LVV82,6
1896,YTKQG,6
1995,9FK9X,6
2001,OE9I3,6
2048,UP5FR,6
2119,HRRZ1,6
2332,EUH8E,6
2405,12S3X,6
2406,7BNOQ,6
2413,WQ1UE,6
2438,9KVLJ,6
2440,YVLKQ,6
2443,4VD7Y,6
2467,46E6A,6
2569,81JQT,6
2599,RC425,6
2606,HZXLC,6
2617,MIT2O,6
2626,ET40Q,6
2680,H41H7,6
2692,73QDX,6
2699,WQ4YO,6
2702,74G46,6
2760,3LJPZ,6
2763,LIHT0,6
2777,Q4UWP,6
2798,YHAK7,6
2808,3103X,6
2864,RITFJ,6
2892,BLORQ,6
2917,0DW3Z,6
2933,7NUHM,6
2948,5FGSE,6
3004,WZO2N,6
3043,01L05,6
3050,FBJSK,6
3060,N1KAP,6
3079,WHQ4D,6
3085,IDTGJ,6
3114,3UIZ5,6
3117,GZ92S,6
3119,4E3CA,6
3124,LR5ZQ,6
3175,HGTGN,6
3176,5RWZF,6
3216,62NFA,6
3219,XJG7B,6
3227,6089J,6
3240,LIN7I,6
3260,AL2VW,6
3283,YHS0L,6
3304,E53NW,6
3319,HDOO3,6
3330,DFFTN,6
3463,VCKQ7,6
3476,96PG5,6
3486,QOT6X,6
3531,P886O,6
3578,1TLBJ,6
3579,8PCD3,6
3588,C36YG,6
3627,SH1VX,6
3645,MVI2J,6
3646,QQZKK,6
3659,IYMS1,6
3672,EOQMJ,6
3677,IE1N5,6
3687,VTUYN,6
3748,64IGA,6
3810,JCSSK,6
3823,G4K0B,6
3825,HMUJC,6
3832,8H7SO,6
3833,SBPHM,6
3835,1N9IG,6
3881,96PPW,6
3883,SKDS1,6
3884,QPGBS,6
3893,K48TB,6
3901,BMGRM,6
3916,LTG0K,6
3917,C9IXZ,6
3925,VVXCR,6
3930,9FQBN,6
3942,1897L,6
3944,SR82M,6
3976,HDPBC,6
4016,PTMAQ,6
4033,Y2DXV,6
4044,7K1FQ,6
4077,ENJDM,6
4114,XV6NS,6
4118,GZNM0,6
4138,0W4NP,6
4164,Y1ONL,6
4172,IH9J2,6
4174,EK37J,6
4184,KF82D,6
4192,5C78R,6
4222,UZDKO,6
4235,BGDJC,6
4246,N7SI1,6
4249,AT81F,6
4258,FRJPI,6
4269,T7PJR,6
4270,ZUQ2J,6
4284,25SX3,6
4292,MXFSM,6
4298,SRSDH,6
4306,BOMGK,6
4320,KS510,6
4323,WSR5Q,6
4326,AJ6K4,6
4334,703NB,6
4346,6BW8S,6
4373,QBEYE,6
4396,BSCI2,6
4397,2C650,6
4439,FCI4N,6
4444,UY2HP,6
4445,BNWAF,6
4448,J4P3L,6
4477,ZHTHG,6
4489,E5TQB,6
4505,WSQ3H,6
4525,IPA1C,6
4528,4X21Q,6
4539,FLDUC,6
4563,UB6IN,6
4573,9UZI4,6
4593,W4W03,6
4598,2OJO8,6
4612,MI2UC,6
4616,5LQSO,6
4619,QBGBZ,6
4642,QI61R,6
4675,FC3Y6,6
4679,HNUIV,6
4680,O53JC,6
4704,6NZGB,6
4766,D8IAH,6
4787,ZMAK5,6
4835,ITZ14,6
4846,6NLST,6
4913,1362C,6
4936,AN05T,6
4937,RD3Q7,6
4970,WR84I,6
5084,7IHGR,6
5119,N25W8,6
5125,VI8LU,6
5142,X0VGW,6
5184,LF9IO,6
5328,3T0GY,6
5334,IBB51,6
5514,33EQG,6
5620,LCCKP,6
5752,JBAZT,6
5915,A0YSB,6
1028,W9RKF,5
1075,MNJUQ,5
1078,9XQSN,5
1126,53EDF,5
1295,MWOXV,5
1344,UADWD,5
1345,3W011,5
1359,S1CPK,5
1644,YO9TA,5
1647,4UHEI,5
1757,VG2LE,5
1827,FF2YT,5
1852,OUENR,5
1925,F985N,5
2020,RDLFK,5
2023,DT2CE,5
2025,RAB29,5
2053,EOMR2,5
2142,ZRU7E,5
2165,R06LS,5
2188,DMQID,5
2195,QVSZ4,5
2217,I4WE0,5
2234,FO5G6,5
2322,0MLQW,5
2396,1XOYG,5
2397,S7RMH,5
2407,OAJ8U,5
2428,BFJIL,5
2469,1IX3M,5
2481,KAE84,5
2577,CISLU,5
2711,750CR,5
2765,3HFQO,5
2810,2O7JA,5
2828,Z2RZI,5
2831,BR7WJ,5
2904,9KGJ8,5
2949,YGLGV,5
2961,0AC89,5
2967,G24RA,5
2974,BXSKM,5
2977,M5MOP,5
2993,YTBSB,5
3013,DGQ1A,5
3039,AK82E,5
3056,FVON7,5
3087,8TIX0,5
3097,QUQU8,5
3107,L3FA8,5
3150,4RLTD,5
3154,BAKQZ,5
3159,PMYQ5,5
3212,8JGME,5
3213,1OX1Z,5
3265,YWTQ6,5
3290,47374,5
3331,47BKJ,5
3345,2UCE0,5
3366,UNUZM,5
3400,KV6TB,5
3409,SV1JS,5
3424,TU09E,5
3428,V3W85,5
3433,HOJTH,5
3434,UKQN1,5
3440,ETT1Z,5
3453,DGSTA,5
3462,WM2OF,5
3467,B03K2,5
3504,1GYXH,5
3511,L133W,5
3516,80JIA,5
3537,NOD1K,5
3549,JZ4CO,5
3576,VISCJ,5
3603,BX7G0,5
3606,H8SWD,5
3608,NJ6V9,5
3657,BY7IY,5
3697,RQUY9,5
3701,YH1SA,5
3738,2KU69,5
3740,XALF6,5
3741,T9ZRO,5
3763,LWKQ3,5
3776,RBCXI,5
3813,OY20X,5
3822,LIRVW,5
3873,UADA5,5
3892,IL062,5
3910,X1273,5
3920,H2IA9,5
3922,XE22I,5
3949,AV8XH,5
3954,55Z2A,5
3955,7T3TB,5
3960,UENFT,5
3962,L00PY,5
3984,Q71H0,5
4011,NB3LQ,5
4042,8TRTV,5
4057,5VOMZ,5
4063,UYVQR,5
4069,MTSTE,5
4105,Q2IA8,5
4117,YT4PJ,5
4129,RV4QU,5
4133,QCP29,5
4136,LLUE7,5
4150,5A9IE,5
4176,R67TI,5
4181,SI8DE,5
4199,ZTTAI,5
4206,15K32,5
4210,84063,5
4213,F0X2Z,5
4238,A7IYC,5
4245,T39B5,5
4248,H3BVQ,5
4252,2M33U,5
4279,5KMR3,5
4282,FKPES,5
4283,6EFJ4,5
4296,08WV6,5
4299,TYIB2,5
4308,H6FXQ,5
4317,ENF8S,5
4321,FOZ3I,5
4325,IWSV1,5
4340,XHHV5,5
4355,WM5N8,5
4361,VQ80C,5
4375,99946,5
4386,5ZBCB,5
4393,GRUOZ,5
4405,J0A04,5
4440,9JGQ6,5
4454,38MJB,5
4473,Q9TU6,5
4479,PC6DW,5
4499,YCCIK,5
4576,Y1XFJ,5
4584,IA7OP,5
4602,4OWCP,5
4628,6ROA5,5
4647,QC2SM,5
4659,KDU2Y,5
4672,QF9PS,5
4714,CAX2H,5
4724,4HFDF,5
4779,BR9LT,5
4781,812II,5
4786,YBDAY,5
4807,69KSH,5
4817,PF05U,5
4826,ATQ29,5
4840,U8GE7,5
4847,VWFJ1,5
4854,1XTAD,5
4859,UY5Y0,5
4895,YGXRE,5
4967,355WW,5
4975,BFP8N,5
4976,ICSK5,5
4995,3WVUG,5
5029,PN6G6,5
5031,84H4B,5
5037,Z4UHI,5
5046,PSRFF,5
5058,K52GM,5
5120,AMM7H,5
5133,E3T4K,5
5221,IWSSS,5
5235,D8Y18,5
5259,QYG2Q,5
5281,03CPI,5
5303,QKVF1,5
5305,K87NL,5
5367,VCGYI,5
5368,H89QP,5
5393,1RAX2,5
5409,6IE9V,5
5438,S4TFM,5
5453,GA8DL,5
5491,0MPSR,5
5603,F3I5K,5
5611,OBQNH,5
5615,F4S1F,5
5638,NAA1X,5
5668,L2YTY,5
5727,F8OI5,5
5748,0YRG3,5
5895,PBS00,5
5943,7NEKC,5
5946,2BOK0,5
5989,CF2ML,5
6032,YU4GA,5
6109,UCA1D,5
6153,T5QC5,5
1006,GVBRC,4
1086,BI6K5,4
1093,Z0UBN,4
1143,V64MG,4
1254,Y3KC2,4
1456,CQPZ8,4
1602,DX9PK,4
1620,7C9N2,4
1630,5HQN0,4
1661,RT6BT,4
1663,NKSW3,4
1756,MQ111,4
1831,OB983,4
1912,PXIDF,4
1930,OCMIA,4
1961,PRBKI,4
2009,7EKFC,4
2075,Y0OJK,4
2098,KM9TP,4
2164,4OCQV,4
2254,VYNVF,4
2264,6JHD4,4
2304,8WBI3,4
2316,AUSH7,4
2398,0EJTN,4
2402,SD5QZ,4
2502,XZU5G,4
2511,MN1DG,4
2519,YK71U,4
2529,UK036,4
2533,24FHT,4
2558,XRB3Q,4
2704,OXKQ8,4
2740,9SH9J,4
2745,EOXGG,4
2786,4P8RP,4
2789,XFKKU,4
2812,9T486,4
2820,304OQ,4
2876,EK7Y6,4
2880,RMRNH,4
2887,PV97G,4
2890,0RXHL,4
2913,NPIEK,4
2952,4B38K,4
3014,RO9EG,4
3020,24X9E,4
3030,W4ULY,4
3034,LO4X8,4
3103,3H9U9,4
3130,DUC85,4
3152,7PYJH,4
3171,K1R89,4
3189,D6NA8,4
3218,NPTYN,4
3230,24PXE,4
3306,A50CB,4
3347,KLJCP,4
3349,R7OFR,4
3359,JX474,4
3374,SO31K,4
3382,0YSCI,4
3403,Q3IVR,4
3405,SHOSK,4
3407,MYJDW,4
3413,ZAN8H,4
3415,M71FN,4
3426,XZBCL,4
3430,41B67,4
3431,ZFC40,4
3436,S1CE1,4
3479,5IINF,4
3490,MPOLN,4
3502,HGWD7,4
3545,A4X4P,4
3563,KWB48,4
3599,H9HGC,4
3600,S3Q5F,4
3619,U78TT,4
3625,Q7ZM2,4
3654,ZY9N9,4
3660,IMZLU,4
3664,EPHFA,4
3743,UH8XW,4
3749,3SUHX,4
3754,JA1K8,4
3757,T02A7,4
3773,ZLVKZ,4
3804,J7SAZ,4
3837,ANHUE,4
3843,W0R02,4
3846,OHOD5,4
3857,AVR31,4
3860,VX9NU,4
3875,2NA7J,4
3877,BWLPE,4
3890,6EPVS,4
3900,134OM,4
3909,EBSD9,4
3932,B1ZWS,4
3937,2Z8OB,4
3946,CXQVI,4
3948,ETHS3,4
3964,1I57D,4
3978,LF57T,4
3990,F6SHJ,4
4001,O5IK5,4
4006,0TP6L,4
4024,5DVEB,4
4030,UCX53,4
4038,8W47F,4
4040,U0RWJ,4
4085,TGW8R,4
4090,SAHMF,4
4099,RRF4F,4
4100,6RMKU,4
4134,16JY6,4
4149,2XKXH,4
4152,KKVVD,4
4154,CC1K2,4
4156,KCKVE,4
4159,6D9BT,4
4180,9Z4Z9,4
4188,9RKAK,4
4239,9N6ZJ,4
4240,M3JZN,4
4260,AB6TT,4
4267,3OWR9,4
4290,IGHZY,4
4303,PDM20,4
4310,YPB80,4
4327,HM32J,4
4329,LFHOE,4
4338,F9752,4
4353,BYMDT,4
4362,ILGQA,4
4366,YW7WQ,4
4374,XBLAK,4
4380,2TZ0U,4
4382,4CGL2,4
4383,0MM7B,4
4401,FUTUR,4
4411,L6TZS,4
4419,CB5OC,4
4420,0PB0L,4
4425,83UHW,4
4433,ZSICK,4
4442,KI622,4
4447,CPHK1,4
4460,EQ6JN,4
4472,DMQ8G,4
4478,QWMSO,4
4503,NBFTW,4
4506,QFP7C,4
4520,Z8K2Z,4
4531,77EZA,4
4581,Y09H0,4
4585,IQ4FI,4
4586,LR0W1,4
4589,Z69RB,4
4595,0GU8Z,4
4621,PFUKC,4
4629,LHE4R,4
4662,B19TU,4
4681,EU6H5,4
4708,4XV5Z,4
4727,NHBAK,4
4731,DHBVB,4
4747,2D0WB,4
4753,SNESK,4
4761,760QH,4
4764,9798J,4
4768,19UAZ,4
4773,E0781,4
4816,9KUFC,4
4874,X2RJL,4
4877,JW04V,4
4878,6CX6F,4
4889,38SGI,4
4905,CK7SV,4
4907,ZHDRK,4
4916,QYMTW,4
4920,UO15I,4
4921,V0DKY,4
4924,5T0U1,4
4930,785HH,4
4933,E55V0,4
4973,YWDV3,4
4986,VKUVC,4
5004,QYBPO,4
5009,PLTHR,4
5034,W5DK8,4
5035,5ZL5E,4
5044,98SCO,4
5059,8VVQR,4
5062,B4FWX,4
5063,CISG0,4
5069,0H4OF,4
5072,PJVEL,4
5088,37Q59,4
5096,03K3G,4
5098,GU5C1,4
5100,HR53X,4
5112,R0PMF,4
5118,MM2CE,4
5135,HRJWX,4
5150,AQ83R,4
5155,VYU93,4
5161,1NGLG,4
5172,RHY70,4
5215,PNZQE,4
5226,JGQAE,4
5237,1I8OJ,4
5250,XG233,4
5251,ANM62,4
5255,XWMQY,4
5270,H9VQ1,4
5284,0HUYO,4
5289,BW5NW,4
5295,1SV23,4
5304,VUBGF,4
5320,XVRUY,4
5323,271A9,4
5325,J02NI,4
5327,T17TO,4
5344,A4N03,4
5365,OCJLC,4
5372,J0ECX,4
5400,E63P4,4
5407,Y52CG,4
5421,FDGZ1,4
5423,TO6M0,4
5434,H2WUQ,4
5441,S0H6K,4
5480,GXS0F,4
5488,TGNN5,4
5489,UOG5J,4
5498,YKO3Z,4
5508,OOEJC,4
5512,ATKNU,4
5523,4EYCI,4
5528,UBEWE,4
5556,GBRXA,4
5564,G4Q60,4
5579,MT0XZ,4
5593,DEAFK,4
5616,L5GXO,4
5625,EMS4A,4
5654,YG3Q9,4
5677,J4J6E,4
5741,GW68F,4
5827,GZWZR,4
5836,Y3CWX,4
5925,QV0V9,4
5962,8UVZA,4
5972,XHU4T,4
5973,DOX55,4
6002,WZT5M,4
6026,M9LNH,4
6067,7YDX4,4
6073,N1VO8,4
6091,O2ZKP,4
6182,APHRG,4
1144,2FM2J,3
1192,GG1RY,3
1202,UFYM3,3
1244,O9LF5,3
1370,627TX,3
1380,Q5PL4,3
1389,BZL5V,3
1657,0A6IO,3
1859,DW8TP,3
1879,DTJVZ,3
1957,6FGVE,3
2019,DJCOI,3
2047,D84IS,3
2089,YOI8O,3
2109,EJXV8,3
2110,90M0E,3
2127,GRTZC,3
2136,9RDJT,3
2140,YE01C,3
2184,OM2CM,3
2222,2OXQK,3
2252,DALDO,3
2272,2PBOS,3
2275,XKX92,3
2365,41LGH,3
2474,EW38I,3
2509,SHGKE,3
2518,YA27I,3
2553,T765Y,3
2557,P5IOP,3
2571,RO3EA,3
2586,WG0PZ,3
2691,C85VR,3
2693,5XK0K,3
2695,ORWFQ,3
2718,26ZVX,3
2782,12RSP,3
2801,QB6LZ,3
2827,7WXVS,3
2829,X27OE,3
2889,3CFZI,3
2898,MPAT9,3
2975,PIONM,3
2990,0ZIED,3
3002,DZ3AU,3
3010,9W86Y,3
3018,BH1FT,3
3064,7IAJY,3
3095,74YQN,3
3148,QTRM3,3
3226,HD684,3
3271,LU5NJ,3
3299,0OPZ4,3
3310,QR0TZ,3
3315,TH6YL,3
3320,HPKO7,3
3402,5QCIB,3
3458,QYXLY,3
3469,HJYQ9,3
3484,F06O2,3
3501,P0LJ0,3
3505,DHL09,3
3518,7KQ8D,3
3523,RDXQO,3
3527,YK29C,3
3539,L2B1D,3
3540,8VHKO,3
3557,ERE8H,3
3565,F6G1P,3
3581,B1YPJ,3
3611,HF38T,3
3614,V1XAG,3
3621,BNV6G,3
3639,7VISC,3
3663,R872M,3
3670,L1IS1,3
3685,FBMR0,3
3691,669WR,3
3692,YZ3CK,3
3704,3I78J,3
3712,IXTIY,3
3720,4L4MV,3
3723,BRC51,3
3727,S7AUI,3
3728,3QICK,3
3729,M0SUS,3
3735,Y72IU,3
3739,28KJR,3
3753,XNL1J,3
3764,OZVD0,3
3766,HVZPK,3
3777,JVGBG,3
3779,W163F,3
3795,DA9D7,3
3798,0K0L7,3
3809,TFZ5C,3
3812,90FOF,3
3836,8FB09,3
3855,XBA7S,3
3879,0DQVE,3
3882,UU6KW,3
3896,5XIK1,3
3897,ROX4B,3
3904,GVS72,3
3907,8KIOU,3
3918,GQZEK,3
3919,2BBXN,3
3927,O62VU,3
3929,AO0R7,3
3947,RL2QQ,3
3966,DNYC3,3
3967,CQ634,3
4002,D819D,3
4021,4YFUH,3
4031,L8NYG,3
4032,XB8QU,3
4034,BSJWO,3
4045,XW2IX,3
4047,DBR59,3
4049,8E10N,3
4065,0IERB,3
4070,H4GW9,3
4079,F1NL9,3
4087,KT2D9,3
4102,U1DI7,3
4106,EV05J,3
4116,DH5NE,3
4131,MXELC,3
4132,IO427,3
4145,ARJYY,3
4155,55UQO,3
4157,DUW6T,3
4165,IXOH7,3
4190,29C7J,3
4194,IFG8D,3
4195,QQ0GN,3
4198,LDIYH,3
4201,2OM6Q,3
4202,0QPT3,3
4211,4FD43,3
4214,YWYVE,3
4224,BHZJT,3
4236,EDGJY,3
4247,GG5OP,3
4254,OJVFG,3
4272,CHX1N,3
4286,MZ7JQ,3
4291,XD2EI,3
4300,JH3J9,3
4301,0HCFM,3
4305,78DTM,3
4311,6KVRV,3
4331,JDRGO,3
4336,F6RCM,3
4341,4B01C,3
4358,14XUF,3
4359,PCZCN,3
4367,FJSW7,3
4408,3CGM7,3
4418,KMLJW,3
4422,VPBBT,3
4423,6CVSV,3
4432,93MCT,3
4436,XWH1N,3
4437,37AXY,3
4451,TO8TI,3
4457,M2EMT,3
4470,2O4SW,3
4476,MOH49,3
4518,E8DBS,3
4529,F9EQB,3
4541,1Q41U,3
4543,2TGL1,3
4562,BCTCL,3
4566,EJFV2,3
4568,M9XFT,3
4570,1SPIM,3
4572,A1SHS,3
4577,8QYON,3
4579,OSAN7,3
4580,05ZN9,3
4583,733NM,3
4613,ZPONF,3
4614,VKWYJ,3
4620,4E2F2,3
4624,8E33G,3
4631,XTNKF,3
4643,N2JIO,3
4645,ID91O,3
4650,9962Y,3
4657,4AEDS,3
4660,LPWN0,3
4664,US25E,3
4666,3W00E,3
4673,JXR4I,3
4694,9RVQ9,3
4709,2YS3K,3
4711,MOOHW,3
4716,0TCF2,3
4717,O3Q7B,3
4721,OLV4J,3
4738,8D1YZ,3
4745,7MXI2,3
4750,L7E5T,3
4751,RKDHM,3
4755,E7S84,3
4760,UA2OD,3
4776,NAGLH,3
4785,T1ZRF,3
4792,KBHQS,3
4803,U23JT,3
4804,7OW5X,3
4836,U8LWH,3
4841,2HUUU,3
4848,OTP91,3
4849,HH8C1,3
4865,BIMCD,3
4882,HGXWJ,3
4892,URCNQ,3
4898,3WJ16,3
4899,9WL2Q,3
4906,TCCUH,3
4918,9KXXR,3
4919,FA5XG,3
4932,B3Y14,3
4944,XA4YD,3
4948,3UPQM,3
4955,Z2PWS,3
4956,N7AW3,3
4964,Q1IT5,3
4968,LBMPL,3
4983,YGAJP,3
4993,IN4B4,3
4997,3STUH,3
4999,8TMNU,3
5003,ZQS2H,3
5015,EREDI,3
5032,SC1O6,3
5045,KHIWV,3
5070,SFLXL,3
5094,9F49H,3
5095,4CIPK,3
5102,VW1PH,3
5103,AGCG1,3
5110,2XPDN,3
5113,IEVAS,3
5129,ZNUTK,3
5143,UI2N0,3
5146,NGSMN,3
5162,C64GF,3
5164,P14J5,3
5170,LO6NX,3
5175,BO3SH,3
5185,UEM0Y,3
5187,4VQW2,3
5202,UF6YS,3
5203,I58F7,3
5209,4XMK6,3
5218,2IAKV,3
5219,28K40,3
5265,0BDT2,3
5277,4Y96V,3
5280,L79GF,3
5286,LH9YX,3
5291,3258Y,3
5307,LTFIU,3
5315,453YD,3
5331,S6C2T,3
5332,2VOFF,3
5336,J1TZI,3
5355,SNYF0,3
5377,WG3TA,3
5383,QA4AO,3
5394,PD2KY,3
5411,UK9ZG,3
5415,MTMLT,3
5424,SQ47C,3
5436,BLAPQ,3
5439,JVQLK,3
5456,QNIUM,3
5461,KA2KS,3
5493,FQMAZ,3
5526,YLYL5,3
5527,9MX1B,3
5563,81453,3
5580,DX7X4,3
5582,HNPPW,3
5586,5MCZ1,3
5589,TLJE8,3
5618,194XR,3
5637,RZJXV,3
5676,D2FTF,3
5694,ZGEFQ,3
5696,CP7LZ,3
5699,DES7Z,3
5704,A1NZI,3
5708,MHGF5,3
5709,ME6MW,3
5714,BF5QC,3
5717,YFGVG,3
5724,HSV0E,3
5731,DUXED,3
5740,VYQ39,3
5755,OM783,3
5761,ANH4X,3
5765,KETWZ,3
5773,LQHSB,3
5781,DIFCP,3
5783,R0B7S,3
5784,AODVY,3
5787,T2V44,3
5789,X9OGS,3
5792,8JVQX,3
5814,UHN0Z,3
5837,X4W9G,3
5857,VH1RL,3
5858,CTSAN,3
5883,4H52S,3
5888,XTJK1,3
5918,H2MMK,3
5922,8S6HB,3
5942,Q9AAJ,3
5964,UP0YH,3
5966,76B7O,3
5976,AG1RE,3
6014,GTW1Z,3
6015,C1C2U,3
6068,53XOF,3
6069,DHXUR,3
6072,UPB37,3
6085,OJH9G,3
6096,LJC8G,3
6100,18GZ5,3
6111,1LDZB,3
6115,GQ66C,3
6125,Z3C7Y,3
6162,4G02X,3
6163,WB6NK,3
1228,LC2AI,2
1296,Y9KNY,2
1388,BSUIE,2
1458,7TJHI,2
1478,S7G2E,2
1508,L3CHN,2
1567,00GVC,2
1646,MQR37,2
1706,3DI47,2
1723,8J05K,2
1745,QSPOK,2
1747,NUVIV,2
1790,RVRKP,2
1840,Q309I,2
1849,UXK7Q,2
2032,2UX4M,2
2107,IABZV,2
2175,I4QKF,2
2270,NXVPH,2
2308,CQIKH,2
2336,4N3IU,2
2342,CBCUC,2
2408,U89NK,2
2452,PG2WE,2
2457,ISDAG,2
2460,U43PK,2
2494,XNNQL,2
2501,ZD5TL,2
2567,6GM39,2
2600,JHCSP,2
2611,MYRZK,2
2652,4LVH3,2
2654,OHBQR,2
2671,6NBXD,2
2674,94WZF,2
2683,V2OAG,2
2694,19A2X,2
2698,F6G8Q,2
2709,GVNHE,2
2714,Q42R9,2
2748,RAQVD,2
2750,1OHQM,2
2751,WLVHY,2
2800,DIAKK,2
2840,2T94Q,2
2893,QF8Y2,2
2924,A3GCF,2
2934,C29XV,2
2959,JLS8G,2
2960,I2B1Z,2
2997,4MIPL,2
3003,YVACK,2
3016,OGSL9,2
3026,DLAFN,2
3053,6EPHB,2
3062,F6YPQ,2
3077,6NEE7,2
3081,XMVMJ,2
3093,0I8Q6,2
3098,2ZX5P,2
3110,KQ3J1,2
3161,85RX3,2
3164,LVU9Z,2
3166,UW6ZE,2
3169,5NUYZ,2
3207,RYHT4,2
3224,YPNXW,2
3257,LE2LS,2
3275,5TKMA,2
3294,Y3NBJ,2
3308,QYU5N,2
3309,PZDHN,2
3314,2LTZ2,2
3321,NNDH9,2
3384,IU2IZ,2
3416,5B8J7,2
3478,UNH3T,2
3494,N336D,2
3497,8YD9U,2
3510,D4ORO,2
3529,LM5AR,2
3534,4LANB,2
3541,SA68H,2
3550,0W74A,2
3551,7LUGF,2
3552,DYU5W,2
3556,IB7EF,2
3564,BGBLA,2
3566,O447W,2
3570,ZEN7K,2
3589,T4CI0,2
3592,SFP2R,2
3594,T60BB,2
3595,T820H,2
3609,EDN0D,2
3626,U5KIY,2
3635,Y3P8R,2
3648,HIQOT,2
3652,DDX6U,2
3665,2EOZ9,2
3669,TVB2U,2
3681,DA0J7,2
3684,K7IA5,2
3694,GJAYJ,2
3709,XK9U0,2
3713,B9BF6,2
3715,Q91NJ,2
3721,GZ06J,2
3730,6OI55,2
3742,GK31D,2
3755,DUR6Z,2
3759,WWLZB,2
3775,L8YKL,2
3787,LYMKX,2
3790,5IFGT,2
3794,FHP12,2
3801,F5L4L,2
3805,577JP,2
3845,URZXM,2
3847,Z1QAC,2
3848,FUPBR,2
3867,VWLV9,2
3872,H2ZPM,2
3887,NE3RQ,2
3908,4ZSPV,2
3915,AQXAE,2
3945,A96QU,2
3952,7178R,2
3959,54QII,2
3980,FBVQU,2
3982,DXSQ5,2
4005,SLK86,2
4064,QXHYC,2
4074,PI68B,2
4078,X8IPS,2
4080,V80DB,2
4083,4073L,2
4088,7U4OH,2
4094,NHNQ5,2
4103,8UIST,2
4139,V439P,2
4142,L7SSO,2
4143,TU5LZ,2
4146,1Z0OI,2
4148,VGNI2,2
4151,IN23J,2
4160,J40B4,2
4161,7Z3OI,2
4168,IZV38,2
4177,S6XG6,2
4191,JXYLW,2
4200,6JXC8,2
4204,0GHAB,2
4205,ZO8GU,2
4208,X69RU,2
4221,QC1VG,2
4230,TC9QU,2
4233,ZGVH0,2
4241,NZQRS,2
4244,FB8GT,2
4251,CMJZF,2
4281,X0BYS,2
4285,UC44C,2
4297,ECQ9I,2
4309,L17DY,2
4312,8Z1CC,2
4324,6COIR,2
4328,BNPBT,2
4330,AWR32,2
4335,R3XPI,2
4339,MQ5AY,2
4349,54Z6T,2
4363,05HRH,2
4365,CTPES,2
4371,XNVWB,2
4376,EOUT6,2
4388,9EBXS,2
4392,74FVK,2
4395,NWAJ3,2
4402,UOEU4,2
4424,5FT9J,2
4435,OSUCY,2
4441,OCHF4,2
4446,8C492,2
4450,A517Z,2
4452,T9Z09,2
4456,TR9KD,2
4464,N6EFS,2
4475,Y8SQF,2
4480,2XY6A,2
4486,KXK2M,2
4487,NPRW5,2
4488,FON3Q,2
4495,DIM5D,2
4497,92W04,2
4507,5N6GO,2
4516,HP2FM,2
4521,Y7K3N,2
4522,L8H80,2
4527,FX4UO,2
4532,6FXRK,2
4548,7XUC7,2
4549,318RF,2
4552,WIPV0,2
4557,CF5IO,2
4569,SBM1E,2
4571,4UU4U,2
4575,BHWGD,2
4587,SGGKI,2
4597,W3889,2
4601,37X0T,2
4603,QNE0Q,2
4604,NJV5P,2
4610,0P32C,2
4615,6T67O,2
4617,U2IBZ,2
4625,U0Z4P,2
4627,06KYM,2
4630,OFXGJ,2
4632,862CN,2
4641,PW8JW,2
4644,960B2,2
4646,FQFL5,2
4670,1TPIZ,2
4671,1PQR0,2
4674,9KQLP,2
4676,KZ2S0,2
4696,TSNTT,2
4700,6WEJ3,2
4706,67TVG,2
4712,MKBFB,2
4713,QILJF,2
4718,NUZQB,2
4722,IN4JC,2
4730,6K1FJ,2
4733,LJSFV,2
4734,AG0MG,2
4739,4EPPO,2
4744,5IMB9,2
4762,6X8G1,2
4769,A0NKI,2
4784,FCZPX,2
4789,82BQ4,2
4796,1YK0N,2
4806,XJOOO,2
4808,BTPEV,2
4814,O5UI6,2
4821,P725B,2
4822,4GX9V,2
4824,SIDTV,2
4825,BYCUI,2
4833,U5W21,2
4838,NDNZU,2
4839,7J0OO,2
4843,MGIJ7,2
4845,J4KRM,2
4850,S4XH7,2
4862,7RIBH,2
4867,Z8IA4,2
4869,87LP5,2
4873,HH7U1,2
4880,SN43A,2
4881,GFZG8,2
4887,SGO7B,2
4893,N2TCB,2
4894,6C3CZ,2
4902,K3ZQC,2
4903,K2321,2
4912,38MYE,2
4915,QOOJA,2
4925,JZBH5,2
4939,XRH4V,2
4941,95E6L,2
4942,VREHC,2
4945,HVNED,2
4952,LKT5U,2
4957,X6IB7,2
4972,CVBPA,2
4977,9DIFE,2
4981,RHHSU,2
4985,RM6CD,2
4988,SHWY9,2
5001,C43ZR,2
5002,VQN57,2
5008,SS5FE,2
5017,I07R2,2
5018,1VCSC,2
5023,RKL1R,2
5026,E2FQM,2
5030,FW2QL,2
5040,F5CD7,2
5041,QW8HR,2
5048,O506F,2
5050,3OPA4,2
5051,ACDZ5,2
5054,JUNUB,2
5055,HF1O9,2
5067,ZVGX9,2
5071,513DC,2
5074,O45Z9,2
5079,ICC8Q,2
5081,4HZQ7,2
5083,32IJV,2
5093,6PC1L,2
5101,68LWJ,2
5107,FCYXH,2
5109,2NECE,2
5114,390ZU,2
5122,NO662,2
5127,D9IY7,2
5134,MJ7X5,2
5152,JZMST,2
5154,XAK10,2
5160,XPP00,2
5165,JC19B,2
5176,029WA,2
5178,8PJMR,2
5180,Q74CT,2
5194,WPCIS,2
5197,N098S,2
5201,OTGK2,2
5205,WCBI6,2
5206,SD7OA,2
5208,16NHC,2
5212,54D0T,2
5214,35Y0Z,2
5223,J6BU4,2
5227,4PALH,2
5229,TBJYD,2
5234,4E0J6,2
5236,4LYBM,2
5238,40CUA,2
5239,HEJRS,2
5241,0M769,2
5247,RNMX6,2
5248,ITJS0,2
5256,LAR7N,2
5257,GOTD2,2
5260,ROYWV,2
5266,KUFGZ,2
5269,RRCSR,2
5283,P6HLL,2
5314,H8ST8,2
5321,J8K6C,2
5322,A8IYG,2
5326,IQ807,2
5330,WZI1X,2
5339,IB809,2
5349,0PRXZ,2
5352,WZH8B,2
5353,EHDB9,2
5360,I9M77,2
5369,SBXIY,2
5374,5JNYB,2
5375,5XS75,2
5376,ETNUZ,2
5379,LN4HK,2
5382,92M5L,2
5386,D9U3L,2
5388,F3R8K,2
5391,RLM2D,2
5395,BN0Y2,2
5398,356H5,2
5412,EYTUR,2
5416,31KHO,2
5440,VVR4R,2
5443,RW31J,2
5444,QL5ZI,2
5446,K75R3,2
5447,5DV1F,2
5458,C5F8O,2
5463,KN0JS,2
5464,DOH4E,2
5465,W92Q6,2
5466,QJG71,2
5468,K57NT,2
5475,L9JDM,2
5476,RBF3E,2
5477,4KHML,2
5478,WTTDH,2
5482,4W85Z,2
5483,HZHQO,2
5486,8U19Q,2
5495,83F5Y,2
5497,8MIIL,2
5511,62B0K,2
5513,0P7RI,2
5516,C5N59,2
5518,SA28E,2
5520,SM6O7,2
5524,VK6RE,2
5529,PCOLB,2
5532,K4YXI,2
5533,VN77M,2
5538,Q3HUB,2
5543,P0BNZ,2
5548,ST5K4,2
5551,URSP5,2
5552,QV602,2
5554,N274F,2
5565,UVKDX,2
5566,48BMP,2
5570,HC5T7,2
5576,M2N0Q,2
5577,I2LOB,2
5583,PL3JA,2
5598,HIWQ5,2
5606,N72EC,2
5609,I6BIX,2
5610,B8LCF,2
5617,GOGRA,2
5626,WJO6M,2
5627,RUMA0,2
5632,AR7N1,2
5634,NETIE,2
5639,9T8TS,2
5642,RDPG3,2
5647,5ECRM,2
5660,KM4R2,2
5664,RC43Q,2
5666,0CY5Y,2
5667,R6HKE,2
5675,LJM5N,2
5684,ZZDW7,2
5689,0OZGC,2
5690,OXDW7,2
5692,OK2O8,2
5695,7KS0V,2
5697,Z243O,2
5701,XD12I,2
5703,FHUT0,2
5716,19BEA,2
5718,JD5IB,2
5719,AX2B4,2
5730,58JQ6,2
5735,748ZE,2
5738,DBLDM,2
5742,2AWVF,2
5746,V238L,2
5749,J9UEF,2
5750,ZM2ZG,2
5756,54YIQ,2
5772,QXIGJ,2
5786,AMV82,2
5791,3EFON,2
5799,Z4E37,2
5804,UCHT0,2
5805,4HWKV,2
5811,JJKNB,2
5823,B42Q6,2
5844,QI2XA,2
5846,Z70S0,2
5847,8M8WV,2
5862,PAUB2,2
5872,DM610,2
5875,AZLXJ,2
5877,73PXS,2
5884,RDE5K,2
5886,VXPWC,2
5889,Q5324,2
5893,QISQV,2
5899,IW5KE,2
5906,3X54O,2
5908,1YND2,2
5913,G4Z8S,2
5923,EROH1,2
5950,36XL8,2
5951,N7VPD,2
5953,DHAOJ,2
5965,IA9Y2,2
5975,8JK54,2
5977,SK644,2
5986,OUXXR,2
5993,24I77,2
5996,MK0Y2,2
6000,Q30XB,2
6016,PBE7J,2
6017,BW0FQ,2
6021,H4H71,2
6022,WTAD4,2
6023,X5XE6,2
6034,PKMDA,2
6039,HMG3D,2
6042,8D7TA,2
6052,F5IS2,2
6062,O1RM7,2
6064,PXY1R,2
6070,SUG5N,2
6071,CDIYX,2
6077,J90OF,2
6078,BMY8L,2
6093,6FUFO,2
6108,UHDLU,2
6113,IZNPV,2
6134,ZC3BK,2
6149,WIOVT,2
6150,S16S4,2
6151,3AD36,2
6154,IG8G1,2
6178,BX8WB,2
6179,X6L1I,2
6185,YIG1D,2
6193,HXF0J,2
6194,FXESS,2
1226,VRVG1,1
1457,7SN3P,1
1459,10GUU,1
1476,FWZEC,1
1691,VV7N5,1
1739,5HXJF,1
1853,V10QX,1
1861,UCNEZ,1
1874,Q8TDT,1
1897,ORR0O,1
1934,8YTZV,1
1950,7C0T1,1
1973,MY4PF,1
2065,VLBF8,1
2069,ORIQG,1
2076,63FR7,1
2094,KG86X,1
2231,N8RKP,1
2293,O729V,1
2294,2A39Z,1
2357,2EDGB,1
2449,VDW1B,1
2479,0VYF6,1
2484,8NG2R,1
2521,K41YP,1
2532,OYAJQ,1
2612,Z2OXN,1
2613,I0DLL,1
2653,7J454,1
2670,I814B,1
2676,NZT0O,1
2705,RL5TZ,1
2720,4TDYT,1
2783,4TEYY,1
2835,KFUZZ,1
2847,0TJNT,1
2894,UE859,1
2901,LWFTO,1
2920,ENIVF,1
2923,PTN86,1
2925,8KDM4,1
2969,ECXQD,1
2985,Z4GKY,1
2988,JXYRF,1
3038,IVWL5,1
3058,XKSW4,1
3059,MLT2W,1
3065,PIV18,1
3126,DTY29,1
3145,JU6EL,1
3153,ED9H2,1
3162,JOJ2A,1
3178,FB4UI,1
3191,UKC6K,1
3205,LYKKT,1
3214,AWNSU,1
3233,HP1PU,1
3261,ZZ2AO,1
3263,GG8YT,1
3267,42IVK,1
3287,GF39Q,1
3292,6DXCI,1
3362,0WX4V,1
3371,KCTLH,1
3375,D6ZD5,1
3380,7UQEH,1
3388,UBJZ9,1
3390,DWHGV,1
3422,8U9Z2,1
3429,WYLAP,1
3445,UNVTB,1
3459,AUT9Z,1
3461,3XI5C,1
3464,O4I9H,1
3465,RFDCP,1
3489,639TY,1
3492,BBETP,1
3507,RMGO4,1
3508,M8NNG,1
3509,58DA2,1
3512,7RKED,1
3536,AUCK1,1
3558,30J4P,1
3559,H0GSQ,1
3562,6BRFZ,1
3568,ONL43,1
3569,RMMIU,1
3593,JBM8N,1
3612,721SJ,1
3630,H5APN,1
3634,7UAUO,1
3640,7GNFD,1
3651,EXLVU,1
3658,Q1KYN,1
3662,IBE5V,1
3666,8ND86,1
3667,5EQEN,1
3668,YUETK,1
3671,JXZPR,1
3682,0F721,1
3689,4T25R,1
3706,H6H9K,1
3725,BDXYF,1
3731,CFH25,1
3733,7DJ6Y,1
3756,2HZ16,1
3788,ULHA6,1
3799,K846V,1
3800,PHLGW,1
3807,N8NJI,1
3821,5TFIN,1
3827,O27H5,1
3831,FKRFY,1
3844,H394U,1
3852,992TT,1
3854,6O123,1
3861,MTW8D,1
3865,GTET5,1
3866,0I23E,1
3871,KGDRV,1
3885,O72CT,1
3886,5AYAI,1
3889,RZZTA,1
3891,QMDZ2,1
3899,KPMWI,1
3905,V83ID,1
3912,12FOA,1
3923,7A0GZ,1
3934,FDFZF,1
3936,S4D09,1
3957,FR26V,1
3958,3D5T3,1
3963,FEIO6,1
3968,17VD6,1
3977,YBWF2,1
3983,WV9ST,1
3986,HR4ZB,1
3988,GO56U,1
3989,NBFQ9,1
3991,KS9C6,1
3992,8M9BC,1
3993,R9XMI,1
3994,6VT7F,1
4008,LYY7P,1
4009,SB24K,1
4010,0USN8,1
4017,KN1OX,1
4018,U6YYL,1
4019,AH075,1
4026,Y6DWD,1
4052,YIN34,1
4055,NEWLJ,1
4058,6XBII,1
4059,9XJJD,1
4061,WVVJC,1
4081,FN1CT,1
4082,64NPA,1
4086,NVRQE,1
4089,5DZFI,1
4096,BCZ9N,1
4111,QRQTB,1
4120,62OG1,1
4123,5LBWQ,1
4126,J4IO8,1
4137,37PEU,1
4140,JG3SL,1
4147,ZVP61,1
4158,ICTUQ,1
4171,LDSAZ,1
4175,9EABF,1
4178,J01O2,1
4179,2082P,1
4182,81NEC,1
4185,BRJ33,1
4187,2Y5UT,1
4189,X0NUM,1
4207,7DS01,1
4215,YUCB2,1
4218,D8FXB,1
4232,OR88Q,1
4257,6BX1S,1
4264,KB3LD,1
4265,EHLAK,1
4271,MDGT1,1
4280,J3PDS,1
4287,TF9L4,1
4289,W4CJO,1
4293,4D3KC,1
4295,0RM9U,1
4304,BA1NH,1
4313,N3PFT,1
4314,OC6KU,1
4333,WY4VW,1
4345,TX6O7,1
4347,7VAUA,1
4350,FB594,1
4352,OBQ4A,1
4369,VU71H,1
4370,X0267,1
4381,TFNG1,1
4389,B3O7C,1
4390,QIH3K,1
4391,L9FVK,1
4394,MRAM1,1
4398,J1SHJ,1
4400,51FLL,1
4404,RM0UM,1
4413,R3DNG,1
4414,KY9QP,1
4416,IIY47,1
4417,LLSBK,1
4429,9OFD7,1
4430,2T4FF,1
4434,2VGQC,1
4453,8WH3Z,1
4458,XXJCL,1
4461,R7U87,1
4462,6X5LQ,1
4463,QLE87,1
4465,5QVMK,1
4466,M8BK7,1
4467,J2SMI,1
4468,4TXKY,1
4469,HMFTD,1
4471,10XUQ,1
4474,Q3J8Y,1
4481,F6CFF,1
4483,FPMUH,1
4484,RBO2T,1
4485,D1QED,1
4492,W2GGJ,1
4493,HYBHD,1
4500,QID23,1
4501,WTKQN,1
4502,2V049,1
4504,BHJME,1
4509,DG9MS,1
4511,WM12K,1
4513,PPAXN,1
4519,F75C1,1
4530,WHW9H,1
4535,9LZ2I,1
4537,OM14I,1
4542,I54LK,1
4545,ORZIJ,1
4547,IVGSC,1
4551,JIZ1Q,1
4554,NP563,1
4556,B0EF6,1
4559,H2UFY,1
4560,BUXH6,1
4561,WXIFS,1
4567,L9PWR,1
4588,XY1DR,1
4591,OE5YY,1
4594,H4G0M,1
4596,50GJ3,1
4606,KPVRM,1
4607,D03FC,1
4609,1VIBZ,1
4611,IY79T,1
4626,33Y1F,1
4633,N08R9,1
4636,NY8FR,1
4638,7W07I,1
4639,B43JA,1
4640,FF6QG,1
4651,LW8S3,1
4653,B41Q6,1
4654,K77S1,1
4655,JS2WO,1
4658,73XJD,1
4663,G9PR8,1
4665,HGHDK,1
4667,24BJZ,1
4668,99IST,1
4669,18W9G,1
4677,0SX05,1
4678,XHC6J,1
4682,SB6CZ,1
4683,DK69G,1
4685,G13I6,1
4687,5FS7Z,1
4690,PY4Q6,1
4691,6HNV9,1
4692,RPCIK,1
4697,YRF2P,1
4698,1O91Y,1
4699,VUD0O,1
4701,KFX6B,1
4703,6EN6K,1
4707,SPBL1,1
4710,LCA3G,1
4719,TGKBS,1
4725,WVKWN,1
4726,PELXU,1
4728,50IEU,1
4729,BP4NS,1
4735,0Z60E,1
4736,N864E,1
4741,G89G8,1
4743,NBUL3,1
4746,4F998,1
4748,EDUWT,1
4749,EQEXI,1
4752,7QIDT,1
4756,WKOUJ,1
4757,6LPZB,1
4758,ZETVR,1
4759,LKSE7,1
4763,8SVAP,1
4765,PUENN,1
4770,6OON4,1
4771,9NW2S,1
4778,08TP3,1
4782,C0BWU,1
4783,04KDD,1
4788,KIHI6,1
4791,I82OJ,1
4793,NXXXW,1
4797,ZLKM1,1
4799,0A5D2,1
4801,OX5NR,1
4802,LEP6K,1
4805,9U6KZ,1
4809,7EZ9X,1
4811,ARRG7,1
4812,B267L,1
4818,YXFDP,1
4819,UZFGV,1
4823,JH2KR,1
4827,3F9OF,1
4828,E1X7T,1
4829,5HG9Y,1
4830,GJE98,1
4831,HLRTR,1
4832,RH915,1
4834,J87GI,1
4842,4EVPM,1
4852,IHPYH,1
4853,BGY65,1
4855,1DJ3C,1
4856,M0WHQ,1
4857,LPZIU,1
4860,7B3R8,1
4861,PALES,1
4868,910D9,1
4879,LWO3H,1
4883,0ZMMI,1
4884,08XGM,1
4888,FYN2A,1
4896,6WEXU,1
4900,O1IUG,1
4901,1C8GS,1
4904,FGTPA,1
4908,ZC9G6,1
4910,CGCWS,1
4911,I6XCY,1
4914,8IDAD,1
4922,0OB0R,1
4923,84FN0,1
4926,JX3AX,1
4927,UM41S,1
4929,N297E,1
4931,C6PLO,1
4934,R58DO,1
4935,UMJ4Z,1
4938,3NM4N,1
4940,B09IU,1
4943,ZE2XV,1
4946,A0YQT,1
4947,T7OST,1
4949,ZELC2,1
4950,8F1DS,1
4954,O1YJG,1
4958,Q7D9D,1
4959,1CH6E,1
4960,ZCIGK,1
4963,V0MKJ,1
4965,2BKL8,1
4971,YJEMI,1
4974,3MMXB,1
4978,7CZAE,1
4979,JVUEZ,1
4980,UI4QG,1
4984,5H0YY,1
4989,FMT7W,1
4990,WYPRD,1
4991,NS8VB,1
4992,HN2BM,1
4996,301LM,1
4998,U6PJ3,1
5007,H0O0J,1
5011,T9EVY,1
5012,I3QNN,1
5013,355MO,1
5014,24BSJ,1
5016,ZJTO7,1
5019,2YK9G,1
5020,RRRNU,1
5021,VOOQD,1
5022,DG4W5,1
5025,60LOD,1
5027,VBCZN,1
5042,8AQZT,1
5043,JQV7D,1
5052,UI5OC,1
5053,BO026,1
5056,7DP1Q,1
5057,1WCX8,1
5060,4H82F,1
5061,6O369,1
5064,9Z8EN,1
5065,M7DOD,1
5066,SWYF1,1
5073,QAKBX,1
5075,UMITS,1
5076,79YD2,1
5077,TPKG7,1
5080,WNHES,1
5086,1TJW9,1
5087,I3G40,1
5089,K4WZX,1
5090,8REH4,1
5091,FNR7I,1
5097,20FEQ,1
5099,ULY8D,1
5104,7C2NA,1
5108,8MT83,1
5111,LEE3U,1
5115,TOXVV,1
5116,0XJVZ,1
5121,8ADID,1
5124,9J3UN,1
5126,NOACQ,1
5128,CME3T,1
5130,566BZ,1
5136,KBUDD,1
5137,Z4RW8,1
5140,TM8IH,1
5141,X7RV1,1
5144,SD3UI,1
5145,2EIBT,1
5149,N9632,1
5153,32LS7,1
5156,58J5O,1
5157,85ZEO,1
5158,LK7SQ,1
5163,YNOQT,1
5167,TE4N6,1
5168,A2JZ5,1
5171,PFNPJ,1
5173,TQ58U,1
5174,T6EUH,1
5177,4YL6Q,1
5179,NXHF1,1
5181,DV08L,1
5182,JFMSZ,1
5183,Z537I,1
5188,RNXAO,1
5189,209T8,1
5191,2YFJL,1
5192,N5SN2,1
5193,G1VEX,1
5195,I1GTU,1
5196,EN2FC,1
5200,58BE3,1
5204,NYVMD,1
5207,RFNP7,1
5210,6ETWJ,1
5211,NQK1M,1
5213,8CKZB,1
5216,8BCLB,1
5217,2O3RX,1
5220,68ZQQ,1
5224,VRPEX,1
5228,0NF67,1
5230,A09DB,1
5231,A9BRM,1
5232,WZ8UV,1
5233,I4XMW,1
5242,CSQCN,1
5243,18D11,1
5244,EF8I9,1
5245,FIYHM,1
5246,RT5L8,1
5249,RQXBC,1
5254,2JBJC,1
5258,547NS,1
5261,KMABL,1
5263,FQCK4,1
5267,6XU17,1
5268,LX7W0,1
5271,KSVWC,1
5273,KM9G4,1
5274,3W4IH,1
5275,9DA11,1
5279,76C38,1
5282,SOZBK,1
5285,1AWA0,1
5287,RO7MM,1
5288,U52TT,1
5290,TBE92,1
5292,DE2CK,1
5293,Q6U4V,1
5294,V1I6Y,1
5296,23VEP,1
5297,ZAJEG,1
5298,DD44V,1
5299,XR144,1
5300,9K4ZR,1
5301,XKUPD,1
5302,0MGI0,1
5306,IYC6A,1
5308,3CG6M,1
5309,NR4QJ,1
5310,1BKOL,1
5311,OHDR5,1
5312,7B1UQ,1
5313,6GWMA,1
5316,G6ZFK,1
5317,CFOQ2,1
5318,Z9W5Y,1
5319,9W7Q9,1
5324,3F5L4,1
5329,8OPJW,1
5333,PGCPY,1
5335,FUFD0,1
5337,GFTX7,1
5340,C9GP3,1
5341,H6MNY,1
5342,3VZ7M,1
5343,9JGAG,1
5345,1B627,1
5346,IZDKF,1
5347,V8ZEX,1
5348,I627O,1
5351,KH5IL,1
5354,2J9ZW,1
5356,7237X,1
5357,95G7N,1
5361,INRYS,1
5362,IH6W0,1
5363,EK3MN,1
5366,LNE04,1
5370,B3LVW,1
5371,AR6HW,1
5373,0BC0Z,1
5378,8R180,1
5381,M2SKY,1
5384,MU19T,1
5385,6FP52,1
5389,QVBZM,1
5390,QAXZS,1
5392,KKB2K,1
5396,PGU6L,1
5397,RSL50,1
5399,YKOLO,1
5403,BA6UV,1
5404,UZQVP,1
5405,GLX1R,1
5406,R3DLG,1
5408,3UL20,1
5417,09A6U,1
5419,YO4SM,1
5420,5RXWM,1
5425,KNLXG,1
5426,1UWOH,1
5428,BR7EP,1
5429,CKU8M,1
5430,N5NWX,1
5431,DRDDT,1
5433,32GZO,1
5435,9BXI6,1
5437,71JEK,1
5445,NYL4C,1
5449,1XQUU,1
5450,FHCRT,1
5452,UUJ3R,1
5454,06SMH,1
5457,41OXW,1
5459,3SNVI,1
5467,65DY5,1
5469,PX0BV,1
5470,CN9AC,1
5471,QKOAW,1
5472,36Y4W,1
5473,NIDMI,1
5479,973VA,1
5484,ZX2UM,1
5485,WZ6H0,1
5487,VA1I4,1
5490,7UJL4,1
5492,XWRAY,1
5496,MR5EG,1
5500,Z7TUD,1
5501,R2MH6,1
5502,GXHYE,1
5503,TJ7ZU,1
5504,LBD57,1
5505,CV7GI,1
5506,NS6EW,1
5510,304MG,1
5515,U752V,1
5517,A4XTP,1
5519,E3NG7,1
5521,S3ZNF,1
5525,FK2UR,1
5530,TL7AW,1
5531,CUYEF,1
5534,4F50E,1
5536,JA5ID,1
5539,A9KL3,1
5540,E3H6H,1
5541,XPI9A,1
5542,V51EF,1
5544,L621R,1
5546,ROKVD,1
5547,Q2EW2,1
5549,8CI3J,1
5550,UMWP4,1
5553,Z8RMG,1
5555,AEBWG,1
5557,YB2LG,1
5558,070SU,1
5559,XK1M0,1
5560,4ZN8O,1
5561,VJJGT,1
5562,5KHSO,1
5567,TMXCC,1
5568,XMHTE,1
5569,4MMDU,1
5572,FNIM6,1
5573,6DWA1,1
5574,G8FPA,1
5575,U24PT,1
5578,ZLHA3,1
5581,4891R,1
5584,1XFJC,1
5585,NC396,1
5587,CWPEG,1
5588,UCSS7,1
5590,29AJA,1
5591,6DD6Z,1
5594,C9A29,1
5595,TUXIK,1
5596,BEZWI,1
5597,V1GF8,1
5599,B1Y6W,1
5600,UXVXV,1
5601,E0Z0H,1
5602,OW7NE,1
5604,VDJ3A,1
5605,0X7EK,1
5607,CFE5X,1
5608,UUVOK,1
5612,3K6PE,1
5613,K1LR5,1
5614,P6B3J,1
5619,FOCGM,1
5621,WB3HS,1
5622,RF84W,1
5623,A46UC,1
5624,X6Y35,1
5628,HH5SW,1
5629,VPX23,1
5631,BCX6N,1
5633,ACCJL,1
5635,824HO,1
5640,7W2YW,1
5641,JWO6D,1
5643,UM3I2,1
5644,E4NZV,1
5645,RZWD9,1
5646,1P6CY,1
5648,3QCDA,1
5649,5I3GR,1
5650,2HFJK,1
5652,IDL8Z,1
5653,LBJK2,1
5655,GBR4D,1
5656,EWU94,1
5657,VH6JX,1
5658,KHTLF,1
5659,W9AQA,1
5661,AWK3Y,1
5662,W6ZMO,1
5663,JPYDA,1
5665,V32J2,1
5669,NKZG3,1
5670,DVOCX,1
5671,G86WC,1
5672,DBCS0,1
5673,T65ZV,1
5674,XPDL2,1
5678,ZWNCK,1
5680,Q6W4Y,1
5681,486PN,1
5682,S2R6Y,1
5683,I4IN0,1
5685,F6V9B,1
5686,1MMEZ,1
5687,6U28P,1
5688,TG5S9,1
5691,0WXHH,1
5693,OILOU,1
5698,TR7PU,1
5700,YBYFH,1
5702,BBWVY,1
5705,WQLG7,1
5706,ZNR36,1
5711,RUC7C,1
5712,50L54,1
5713,8VVMM,1
5720,PCP32,1
5721,1X0WT,1
5726,ZR5LB,1
5728,A0WBD,1
5729,PKQID,1
5732,J1XDW,1
5733,BW7RW,1
5734,UGN78,1
5736,GJXBS,1
5737,JR1RQ,1
5739,OY3HP,1
5743,MZRY6,1
5745,TOOXO,1
5747,2Y0EG,1
5751,7GNWU,1
5753,OZ799,1
5754,QAOAP,1
5757,C2WGA,1
5758,BY72W,1
5759,E7FN2,1
5760,ZT7QV,1
5762,CN8DX,1
5763,TQGGG,1
5766,H5AHH,1
5767,XGW5T,1
5768,3OPP7,1
5769,J6A87,1
5770,UZ5N5,1
5771,7JJ82,1
5774,H4CVY,1
5775,88RCT,1
5776,5HAN7,1
5777,H03T5,1
5778,85RF7,1
5779,YKZCN,1
5780,APY7E,1
5782,HS2ZE,1
5785,ZQKPJ,1
5788,FAP9P,1
5790,9S6N2,1
5793,8UB5L,1
5794,EST2T,1
5795,516SJ,1
5797,1K8YY,1
5798,PFXXE,1
5800,YM1AK,1
5801,9L55T,1
5802,WHRK2,1
5803,EJXTQ,1
5807,0EURY,1
5808,4MMPU,1
5809,7CB1I,1
5813,286MJ,1
5815,3KWLY,1
5816,5A4SY,1
5817,3SYLX,1
5818,14L75,1
5819,QJEPA,1
5820,C674N,1
5821,CUDPK,1
5822,4ZBPL,1
5824,F7C5T,1
5825,CWR3X,1
5826,KQ09R,1
5828,X1NDX,1
5831,9OOHG,1
5832,MKO4L,1
5833,BEFRB,1
5834,09K2Q,1
5835,SWWLE,1
5838,N4I8Q,1
5839,8FKB6,1
5840,J28SW,1
5841,CXUQA,1
5842,MXBI1,1
5843,DP9T6,1
5845,70S57,1
5849,FKJ80,1
5850,7L1S0,1
5851,SDO0C,1
5852,CL9UZ,1
5853,TXRTH,1
5854,P4SUH,1
5855,ZZX6K,1
5856,ID731,1
5860,WZZJ8,1
5861,LBTXY,1
5863,5TL0R,1
5864,MFGJ9,1
5865,R9DK5,1
5866,H2FCU,1
5867,TFUQI,1
5868,9CRX2,1
5869,LH3GO,1
5870,BZA8L,1
5871,SZI7T,1
5873,GPQDZ,1
5874,E0DU2,1
5878,8GWXX,1
5879,UWI7G,1
5880,NNTM9,1
5881,IF7P9,1
5882,6PCG6,1
5885,7N379,1
5890,QEE5U,1
5891,PFJEA,1
5892,159X0,1
5894,TIYOO,1
5897,48END,1
5898,3NNH8,1
5900,LNQ2Q,1
5901,7TLZQ,1
5903,2GNKJ,1
5905,3IWO5,1
5907,TVBRY,1
5910,Q1SC0,1
5911,TVTMT,1
5912,IU124,1
5914,LEPCL,1
5919,BYA7J,1
5920,ISN73,1
5921,BGN8E,1
5924,ZHGOT,1
5926,N5JLJ,1
5927,ULY8U,1
5928,01XVY,1
5929,ITL3B,1
5932,HFVJ2,1
5933,6DSTT,1
5934,KNS3H,1
5935,0MYS6,1
5937,KXI8U,1
5938,DP2IL,1
5939,RDMUW,1
5940,QK6DS,1
5941,EV788,1
5944,8934I,1
5945,ZSZDW,1
5947,LWDZZ,1
5948,F31Q8,1
5949,NQKLN,1
5952,PT2E7,1
5954,UMND4,1
5957,L5Y99,1
5958,56XYC,1
5959,CTQWZ,1
5960,QKKT0,1
5961,BKI3H,1
5963,OTO96,1
5967,I16IO,1
5968,A27MF,1
5969,FRJ7B,1
5970,SZT88,1
5971,2U8E5,1
5974,AMBZQ,1
5978,9TR1J,1
5979,HRJAG,1
5980,PFEKN,1
5981,EUGCV,1
5982,YSHTV,1
5983,LA9OM,1
5984,JNIRX,1
5985,X3CCL,1
5987,Q1W41,1
5988,FTJTK,1
5990,FFG00,1
5991,6LO7Y,1
5992,UGRKE,1
5995,FXF72,1
5997,Y0CD6,1
5998,QTIIR,1
5999,CUJ4R,1
6001,SNCPF,1
6003,D8Q67,1
6004,5TL52,1
6005,0FGYA,1
6006,W7HKF,1
6007,KSTVA,1
6008,IWE1N,1
6009,NS76N,1
6010,36T12,1
6011,XTSAM,1
6012,97CLY,1
6013,T598S,1
6018,RFV0B,1
6019,5AYE5,1
6020,RA2QH,1
6024,YLWC5,1
6025,3VFX6,1
6027,D0APX,1
6028,78FCP,1
6029,28TQF,1
6030,0FWL7,1
6031,2IN0M,1
6033,YRH0D,1
6035,O3OEW,1
6036,2TX16,1
6037,8KUX5,1
6038,POOIL,1
6040,BWXDD,1
6041,NQ7KN,1
6043,LBVI7,1
6044,FV652,1
6045,MAI2I,1
6046,DG59M,1
6047,T10JS,1
6048,SMGDT,1
6049,XY34H,1
6050,NC40F,1
6051,NY6WN,1
6053,PQ9RM,1
6054,8ZHU0,1
6055,R2QOP,1
6056,BYBDM,1
6057,82SPZ,1
6059,2JMMS,1
6060,ZZNC5,1
6061,199FI,1
6063,DBIYE,1
6065,RAGF4,1
6066,KWXFN,1
6074,B6MXY,1
6075,TDPV9,1
6076,0WPQH,1
6079,BVW3P,1
6080,Y1GIK,1
6081,BTBVV,1
6082,I07DS,1
6083,EX9TJ,1
6084,BHALT,1
6086,EXDAD,1
6087,J78M2,1
6088,Q5LI7,1
6089,FASE2,1
6090,ZH1JI,1
6092,QY3V0,1
6094,7R614,1
6095,ZVFYY,1
6097,Q9A65,1
6098,K21XG,1
6099,PEDGE,1
6101,BFMJ8,1
6102,CXPYO,1
6103,XORBO,1
6104,EFVD7,1
6105,6T57Q,1
6106,BM075,1
6107,050FN,1
6110,RT2IY,1
6112,CBAH2,1
6114,LJ7UR,1
6116,0WZO1,1
6117,TY5NG,1
6118,MYYGQ,1
6119,UEBR8,1
6120,6P6C8,1
6121,RLTF2,1
6122,R55CM,1
6123,N70BP,1
6124,N4JIU,1
6126,WZWPH,1
6127,MAL2H,1
6128,0C582,1
6129,MHBG7,1
6130,0AJJN,1
6131,480SX,1
6132,H0EEU,1
6133,SJTF6,1
6135,JV6SF,1
6136,CBY5N,1
6137,5CEE9,1
6138,Y08AX,1
6139,2ZZWJ,1
6140,EA9XC,1
6142,9PIHP,1
6143,BJJ88,1
6144,C2EIH,1
6145,5F5DT,1
6146,6B0NN,1
6147,VI8V9,1
6148,ERZ6P,1
6152,PG6G3,1
6155,MQ4ZW,1
6156,RF3Q9,1
6157,35JFF,1
6158,4X7VH,1
6159,NOXHJ,1
6160,QFJI3,1
6161,DU4MZ,1
6164,3MSH7,1
6165,ULL6E,1
6166,BLZEG,1
6167,JMRCJ,1
6168,YE2M6,1
6169,A5IRF,1
6170,10ZYN,1
6171,L8K0S,1
6172,87G0L,1
6173,TDJB1,1
6174,RPAVK,1
6175,6HZWF,1
6176,NH41J,1
6177,2ZBLO,1
6180,5ZEM3,1
6181,TXAQP,1
6183,MJEB3,1
6184,AKPSJ,1
6186,36SYR,1
6187,TR57X,1
6188,NOBYD,1
6189,PO4FN,1
6190,0FNQX,1
6191,X6VPU,1
6192,E6L8G,1
6195,17MQC,1
6196,GXGO4,1
6197,JTITJ,1
6198,ESUH2,1
6199,UF3II,1
6200,0AI2K,1
6201,6M7Y3,1
6202,SZDOC,1
6203,QJ3MN,1
6204,HPQ2B,1
6205,NOZ18,1
6206,94BKX,1
6207,NZHFV,1
6208,9CRJL,1
6209,UTO53,1
6210,AE396,1
6211,Q796F,1
6212,147KF,1
6213,KIFAX,1
6214,SZEMJ,1
6215,5RXVB,1
6216,NQP18,1
6217,UAY8F,1
6218,3R1G1,1
6219,7PJ5P,1
6220,UDM3S,1
6221,UP7PH,1
6222,EZ5X3,1
6223,U35BL,1
6224,WP9P4,1
6225,2Q50G,1
6226,V7MKR,1
6227,KSLTE,1
6228,IYDXK,1
6229,MONUG,1
6230,NVLD5,1
6231,2X0A8,1
6232,EHVH4,1
6233,JVZ42,1
6234,3322T,1
6235,PB6RN,1
6236,TXSTI,1
6237,PRYQA,1
6238,HB9S5,1
6239,BD2J0,1
6240,4BF3L,1
6241,EQTNO,1
6242,9E9GV,1
##########,total number of items in dataset => ,131706
