1001,1003,1008,1010,1011,1012,1013,1015,1016,1018,1020
1021,1023
1003,1025
1012,1015,1026,1028
1011
1029,1030
1031
1012,1034,1035
1030
1023
1037
1015,1021,1023,1025,1038
1035,1037,1039
1015,1016
1015
1001,1011,1013,1038,1040,1041
1023,1025
1015,1016,1023,1025,1035,1041,1044
1013,1026,1030
1001,1023,1040,1048
1012,1015,1035,1056
1001,1003,1013,1021,1057
1023
1003,1026,1031,1035,1061
1015,1016,1018,1026,1035,1062,1063
1015,1023,1030,1040,1041
1015,1034,1035
1064
1003,1015,1023,1040
1025,1030
1034,1040
1037
1016,1035,1063
1030
1015,1048,1062
1008,1015,1070
1012,1039
1035
1013,1015,1018,1028,1034,1035,1063
1035
1031,1071
1063
1003,1012,1030,1031,1056,1071,1072
1015,1041
1015
1003
1012,1021
1012,1035,1040,1072
1015,1023
1035
1035,1040
1030,1039,1063
1077
1015,1020,1025,1026,1031,1034,1035,1040,1044,1062
1023,1037
1012,1031,1041
1012,1015,1025,1034,1038
1035
1012,1031
1023,1025
1030
1026,1040
1003,1015,1028,1029,1062,1064
1037
1001
1044,1057,1064
1021,1063
1037
1082
1023,1031
1037
1011,1015,1040
1023
1015,1035,1057,1062
1023,1030,1070
1012,1021,1026,1030,1035
1015,1030,1084
1015,1021,1023,1038,1057,1064
1018,1040
1011
1011,1012,1021,1030
1011
1001,1015,1020,1021,1023,1035,1064
1011,1039
1039
1012,1021,1023,1030,1037
1031,1063
1025,1034
1023,1037
1037
1012,1029,1034,1035,1040,1062
1015,1040
1021,1023,1064
1008,1021,1023,1025,1031,1040,1062,1071
1023,1035,1040
1062
1015,1023,1035,1062
1015,1020,1038
1001,1003,1015,1020,1023,1026,1031
1001,1011,1031,1038,1041,1070,1077
1015,1030,1035,1039,1040,1061,1063
1001,1015,1023
1010,1021,1061
1011,1023,1040
1023,1030,1041,1056
1016,1025,1064
1012,1020,1023,1030,1035,1057
1015
1023,1030
1010,1015,1021,1023,1026,1031,1040,1044
1018,1035,1044
1026,1035,1062
1030
1026,1040
1001,1011,1015,1021,1023,1026,1030,1034,1035,1040,1056
1015,1062
1029,1035,1057,1062,1070
1057
1056
1018
1012
1040
1020,1021,1023,1025,1038,1040
1010,1015,1030,1034,1035,1041,1044,1056,1061
1037
1062
1010,1018,1023,1025,1040
1034,1038
1010,1015,1020,1034,1062
1015,1018,1023,1026,1031,1035,1038,1040,1048,1070
1003,1015,1020,1023,1026,1030,1035,1040,1044,1072
1001,1015,1023,1034,1040,1062
1001,1015,1023,1025,1030,1035,1041
1037
1025,1044,1070
1015,1026,1028,1031,1039,1040,1056
1026,1040
1001,1034
1015,1021,1023,1026,1028
1015,1018,1070,1072
1037
1001,1041
1001,1012,1023,1035,1071
1021
1015,1020,1026,1035,1038,1048,1062
1003,1021,1026,1030,1035,1057
1015,1020,1029,1062,1064
1001,1026,1040
1012,1084
1077
1011
1001,1026,1035,1064
1021,1023
1003,1010,1023,1025,1026,1031,1037,1061,1062,1064
1037
1063
1011,1030,1056
1013,1034,1041,1077
1039,1040
1013,1064,1070
1015,1021,1026,1034,1040,1062,1077
1008,1012,1015,1040
1063
1026,1028,1035
1040
1030,1034,1071
1001,1012,1021,1026,1030,1037
1062
1028,1056
1023,1037
1015,1034
1040
1025,1026,1028,1035,1040
1029,1031,1035,1038,1039,1041,1062,1082
1010,1038
1012,1023,1026,1030,1034
1020,1023,1030,1035,1039,1056,1077
1013,1048,1071
1023,1026,1030,1061
1030,1082
1026
1030
1040
1021,1048
1001,1018,1030,1044,1072
1012
1011
1015,1025,1031,1035
1023,1025
1071
1023,1030,1031,1041,1070
1035,1040,1082
1015,1025
1015,1040,1062,1071
1015,1034,1063
1044,1048,1064
1012,1020,1029,1072
1037
1020,1037
1038,1056,1062,1077
1015,1030
1064
1016
1023,1063
1010,1015
1015
1001,1015,1031
1018,1070
1013,1021,1025,1028,1040,1044,1057
1015,1020,1034,1056,1062
1020,1021,1025,1026,1061,1062,1070
1015,1029,1031,1035,1062
1012,1023,1028,1063,1070
1003,1012,1016,1031,1062
1026
1035,1040
1013,1029
1012,1029
1035,1040
1011,1023
1001,1010,1015,1020,1023,1070,1072
1015,1061,1071
1023,1034,1040
1040
1026
1011
1012
1063
1016,1020,1040,1061,1077
1012,1048,1071
1012,1021,1035,1041,1070
1061,1070
1021,1023,1034
1048
1015
1012,1023,1026,1030,1040,1070
1030
1012,1015,1021
1026,1056
1010,1023,1056
1015
1015,1020,1035
1010,1061
1035
1015,1023,1035
1034,1035
1025,1026
1037
1040
1015,1023,1035,1038,1040,1063
1001,1012,1034,1035
1011,1015,1021,1030,1048
1023,1056,1061
1012,1016,1018,1030,1071
1001,1018,1026,1044,1057
1020,1023,1029,1056,1064
1035
1023,1026,1040
1030
1015
1023
1063
1070
1012,1029
1015,1018
1030,1039
1030,1040
1023,1034,1035
1071
1037,1040
1056
1001,1016,1041,1084
1037,1040
1030,1035,1040,1061,1070
1003,1030
1010,1011,1012,1015,1023,1035,1038,1064
1030,1034,1035,1062,1064
1030
1010,1012
1023,1028,1040
1012,1015,1016,1023,1035,1038,1048,1057,1064
1010,1011,1030,1037,1061
1013,1021,1035
1023,1035,1041,1062,1064
1010,1057
1015,1018,1029,1071
1016,1020,1021,1023,1026,1031,1035
1039,1040
1015,1034,1035,1040
1040
1023,1026
1082
1012
1063
1062,1064
1013,1015,1072
1023,1025,1070
1010,1016,1021,1023,1025,1031,1062
1015,1035,1041
1025,1030,1062
1011,1015,1023
1025,1038
1035,1071
1012,1040
1010,1015,1023,1040,1057,1070
1040
1020,1035,1056
1015,1031,1037,1048
1001,1035,1048
1012
1015,1018,1030,1041
1040,1070
1003,1015,1020,1031,1044
1025,1030
1021,1023,1025,1039,1056,1061,1062,1064
1063
1040,1061,1063
1030,1035,1040
1003,1077
1035,1040,1084
1023,1030
1012,1028,1030,1071
1012,1015,1041
1023,1070
1063
1063
1001,1030,1035
1010,1016,1035,1057
1012,1035
1039
1003,1015,1040
1012,1039,1044
1030,1041,1063
1012,1018,1023,1034,1044,1077
1013,1018,1030,1039,1040,1041,1062,1063
1030,1039
1015,1031
1026,1034,1035,1040
1013,1028
1010,1028,1041
1056
1010,1012
1030
1015
1063
1015,1029,1057,1064
1026,1035
1026,1040
1040,1077
1001,1010,1018,1029,1035,1041
1015,1023,1035,1048,1062
1035,1038
1030
1015,1018,1026,1038,1040,1071
1026
1001,1023,1030
1039
1030
1012,1013,1015,1034
1030
1013,1030,1040,1072
1012
1012,1013,1015,1016,1034,1062
1015,1044,1057
1001,1040
1025
1023,1025
1010,1012,1023,1025,1031,1034,1044,1056,1061,1084
1035
1011,1018,1026
1015,1021,1026,1028,1030,1040
1015
1015,1031,1040,1044,1070
1015
1035,1062
1018
1082
1048,1056
1011,1023,1030
1037
1037
1030,1031,1035,1063
1037
1020,1023,1031
1011,1018,1040
1015,1026,1030,1035,1040,1056
1015
1015,1020,1026,1031,1034,1064
1021,1023
1030
1008,1018
1015,1040,1044,1077
1011,1016,1061,1063
1010,1035,1038,1048,1056,1062
1015,1018,1026,1035,1039,1062
1037
1016,1063
1037
1011
1023
1048,1071,1084
1015,1031,1044
1037
1016,1039,1056,1062
1020,1023,1040,1062
1001,1016,1023,1037,1071
1015,1023,1025,1038,1063
1015
1015,1026,1031,1034,1057
1040,1070
1021
1020,1070
1028,1062
1023,1030
1035,1063
1015,1028,1030,1070
1015,1021,1023,1025,1026,1034,1062,1070,1077
1008,1012
1023,1039
1037
1037
1037
1015,1044
1013,1015,1030,1031,1035,1040,1041,1044,1057
1001,1015,1048,1064
1011,1015,1021,1023,1026,1030,1035,1056,1063
1030
1023,1026,1028,1031,1034,1040,1063
1035
1001,1011,1023,1031,1038,1064
1001,1015,1035,1057,1062,1064
1011,1015,1040,1048,1062
1008,1011,1030,1040
1023
1037,1070
1015,1057,1070
1011,1039,1044,1070
1001,1016,1023,1026,1034,1040,1064,1084
1001,1012,1028,1029,1041,1064
1023
1001,1015,1016,1020,1031,1034,1039,1040
1012,1015,1023,1064
1040,1070
1001,1023,1035,1064
1013,1015,1038
1010,1011,1012,1015,1048,1063
1001,1015,1018,1023,1056,1064,1070
1015,1062
1001,1016,1018,1034,1035,1077
1026,1040
1008,1020,1028,1034,1035,1062
1011,1025,1062
1012,1015,1028,1035,1064,1070,1071
1012
1037
1023,1037
1023,1030,1035,1039,1040,1056,1072,1077
1023,1026,1035,1040,1048
1012,1021,1025,1030,1056
1063
1023,1034,1056,1070
1030
1013,1025,1035,1037,1062
1020,1030,1037,1040,1048,1061
1012,1030
1015
1038
1034,1035
1035
1037,1040,1041
1011
1011,1023,1070
1001,1008,1015,1018,1026,1031,1035
1015,1023
1001,1012,1023,1025,1084
1020,1030,1035,1040,1041
1001,1025,1063,1071
1012,1021,1026,1031,1056
1056
1015,1023,1030,1056
1011,1023,1063
1015
1021,1023,1030,1035,1062
1026,1031
1040
1064
1015,1023,1025,1048
1012,1021,1034,1041,1044,1070
1015,1020,1057
1012,1026,1070
1012,1015,1038
1015,1018,1023,1025,1026,1030,1041,1061,1070
1011,1015,1028,1064,1082
1023,1035,1041,1044
1012,1015,1021,1023,1056
1012,1070
1040,1064,1082
1015,1016,1035,1056,1062
1015,1023
1023
1026
1023,1030,1031,1034
1034
1031,1084
1023,1029,1064
1011,1015,1028,1038,1040,1061
1030,1037,1040,1057,1084
1010,1026,1031,1035,1038
1008,1012,1018,1023,1030,1037,1039
1015,1023,1025,1044
1010,1011,1012,1026
1012,1015,1031
1040,1077
1025,1040,1064
1012,1023,1030
1010,1015,1040,1070
1023
1015,1028,1035,1039,1040
1015,1034,1040
1010,1012,1021,1025,1026,1028,1035
1011,1015,1021,1030,1031,1035,1077
1011,1018,1084
1011,1023
1037
1026
1020
1023,1037
1023
1023
1023
1012,1023
1063
1001,1023,1026,1031,1040
1030,1040
1070
1012,1023,1056,1070
1023,1038,1044,1062,1064
1011,1023,1040
1023,1030,1034
1037
1015,1026,1039,1061,1063,1071
1015,1023,1035,1040,1056,1064
1015,1063
1025,1035,1084
1023,1063,1064
1064
1021,1063
1010,1040
1037
1015,1021,1035,1062,1063
1015,1020,1026,1031,1034
1011,1023,1025,1030
1021,1034
1026,1034,1062,1064
1034,1070
1026
1023,1025
1063
1030
1023
1031,1063
1041
1012,1021,1023,1030,1037
1035
1003,1040
1037
1012
1015,1020,1029,1035
1011,1023,1034,1057,1063
1010,1015,1040,1056,1057,1063,1064
1016,1018,1035,1040
1023,1030
1015
1015,1020,1057,1062
1011,1023
1035
1001,1020,1023,1025,1041,1061
1016,1026,1030,1062,1063
1035
1015,1023,1034
1035,1041,1056
1015,1025,1035,1064
1015,1035,1038,1063
1031
1021,1035,1064
1037
1001,1015,1016,1026,1029,1031,1040
1003,1008,1015,1026,1038,1040,1084
1023,1030
1003,1015
1037
1008,1012,1023,1040,1084
1011,1023
1040
1012,1030,1035,1062
1070
1015,1023,1025,1028,1038,1040,1048,1056
1015,1020,1040
1001,1023,1026,1030,1034,1038,1040
1015,1023,1026,1062
1063
1025,1037
1012,1015,1040,1062
1010,1011,1020,1029,1030,1035,1040,1084
1048
1008,1011,1015,1018,1023,1034,1038
1025,1057,1072
1021,1025,1038
1011,1030
1012,1015,1016,1028,1064,1070
1011,1015,1040,1070
1015,1020,1026,1031,1040,1041,1057
1015
1063
1028,1038,1057,1084
1062
1037
1003,1026,1041,1062
1011,1023,1031,1034
1012,1015,1035,1040,1056,1062,1064
1001,1011,1015,1023,1038,1070
1012,1018,1020,1034,1035,1038,1044,1064
1023,1041
1001,1015,1040,1063
1011,1015,1023,1035,1038,1056,1061
1001,1034,1044
1015,1016,1025,1034,1062,1064
1001,1015
1025,1031,1035,1062,1063,1082
1001,1015,1023,1026,1031,1037
1021,1056
1011
1015,1026
1026
1040
1015,1020,1029,1056
1015,1023,1070
1025,1030
1001,1012,1015,1020,1030,1035,1040,1041
1012,1015,1016,1026,1037,1061
1020,1035
1035,1064
1011,1015,1016,1031,1035,1041,1056
1015,1020,1026,1029,1034,1040,1061,1062,1082
1012
1010,1011,1021,1023,1035,1040,1057
1020,1041,1062,1072
1012,1015,1018,1020,1029,1038
1039
1020
1012,1056,1062,1063,1064
1012,1015,1023,1026,1028,1034,1035,1040,1062,1063,1064,1071
1041
1003,1015,1021,1023,1025,1026,1030,1062,1064
1016,1029
1030,1040,1061
1001,1021,1029,1031,1040,1062
1011,1015,1018,1030,1056,1084
1023
1001,1023,1025,1034
1021,1023,1082
1001,1015,1020,1021,1029,1034,1041,1070
1015,1041,1062,1064
1018
1010,1041
1020,1029
1012,1026
1057,1064
1012,1063
1012,1026,1031
1037,1064
1011,1020,1029,1030,1056,1057
1013
1013,1015,1018,1023
1012,1023,1026,1040,1062
1011,1030,1037,1040,1048,1084
1035,1040
1037
1015,1023,1028,1035,1061
1011,1015,1016,1028,1040,1057,1063
1035,1039
1015,1034
1011,1015
1010,1029,1048,1064,1070
1021,1023,1030,1071
1015,1023,1056
1023,1030
1001,1034,1035,1044
1012,1015,1030,1040,1056
1030,1063,1070
1015,1016,1026,1034,1035
1011,1070
1030
1071
1011,1012,1015,1031,1039,1040,1041
1020,1062
1012,1030,1037
1031,1037,1038,1039,1040
1018,1030,1040,1061,1063
1016,1034,1040,1062
1013,1020,1026,1040,1056,1064,1070
1001,1008,1028,1030,1037,1057,1063,1084
1023,1030,1039
1021,1023,1030
1001,1015,1021,1023,1026,1030,1040,1061
1012,1015,1026,1040,1041,1062
1015,1041
1023,1025,1026,1035,1062,1070
1012,1030
1030,1063
1025
1011,1015,1020,1029
1037
1013,1025,1030,1057
1015,1025,1031,1040,1041,1048
1023,1025
1011
1011
1011,1034
1011,1015,1023,1026,1029,1064
1082
1001,1012,1061
1063
1015,1070
1048
1013,1015,1035
1012,1015,1023
1012,1030,1034,1057,1061
1003,1015,1020,1026,1029,1034,1035,1040,1070
1001,1013,1020,1035,1040,1057
1035
1021,1040
1015,1020
1012,1023
1010
1011
1011,1020,1031,1039,1056
1011,1015
1003,1012,1013,1015,1023,1040,1056
1013,1018,1021
1008
1013,1018,1028,1030,1034,1035,1056,1062
1015,1026,1035
1056
1034
1001,1015,1018,1025,1026,1070
1040
1035,1071
1034,1037,1056,1070
1012,1030,1082,1084
1064
1026,1031,1041
1001,1003,1015,1016,1018,1026,1035,1063,1071
1026,1028,1039,1063
1063
1030,1035,1057
1001,1015,1016,1020,1021,1026,1029,1035,1041,1056,1070
1025,1026,1028,1034,1035,1040,1057,1062,1084
1012,1023,1025,1040,1063
1003,1012,1026,1044,1056,1062
1012,1015,1025
1011,1015
1010,1056
1003,1012,1030,1056,1072
1001,1015,1020,1026,1031,1035,1041,1070
1038,1041
1012,1021,1031,1056
1001
1020,1035
1011,1023,1057,1064
1026,1034,1035,1038,1057
1010,1030,1056
1012,1026,1034,1044,1062
1012,1020,1037,1040,1041
1010,1018,1023,1029,1035,1040,1056,1062
1008,1023
1008
1012,1018
1015,1039,1040
1015
1001,1026,1029
1023,1035,1056,1062,1064
1001,1015,1057,1062
1015
1056
1013,1015
1021,1056,1062
1030,1072
1028
1035,1038,1041,1062,1071
1040,1084
1012,1039,1040,1064,1082
1015,1023,1057,1063
1012,1037,1077,1082
1026,1038
1010,1011,1018,1020,1026,1030,1038,1041,1056,1061
1003,1011,1012,1026,1031,1044,1082
1015,1040,1062
1012,1039,1063
1040
1063
1015,1018,1020,1021
1012
1026,1035,1056,1057
1025,1035
1035,1037,1038,1062
1011,1013,1021,1034,1035,1056,1071
1062
1013,1015,1028,1034,1039,1063
1011,1012,1018,1023,1026,1077,1084
1015,1070
1012,1015,1018,1025,1026,1028,1037,1038,1056
1003,1030,1040
1012
1023,1040
1030,1057
1015,1023,1063
1028
1037
1030,1039
1015,1016
1020
1013,1025,1026,1031,1044,1062,1070,1072,1084
1011,1015,1035,1040
1020,1021,1023,1026,1031,1040,1056,1070,1084
1001,1012,1013
1018,1026,1039,1040,1056
1064
1013,1023,1030,1034,1039,1044,1062,1064,1070
1008,1015,1026,1035,1063
1008,1021,1023,1025,1035,1056,1070
1013,1015,1021,1035
1008,1018,1030,1040,1077
1030,1040
1030,1040
1003,1025,1034,1038,1041,1070
1020
1001,1025
1035,1039,1040,1082
1001,1003,1012,1015,1040,1084
1012,1072
1082
1016,1025,1026,1030,1038,1040,1071,1084
1057
1056,1072,1084
1011,1012,1028,1030,1037,1056,1084
1001,1038,1040,1063,1084
1013,1021,1026,1028,1034,1035,1038,1040,1048
1023,1025,1035,1040,1056,1062,1070
1001,1012,1026,1041,1084
1012,1013,1015,1018,1030,1040
1037,1040
1077
1030,1034,1035,1041,1044,1063
1012,1021,1023,1025,1056,1070,1084
1001,1023,1048,1082
1030,1077
1021,1023,1039,1040,1062
1084
1028
1012,1015,1030,1039
1012
1001,1030,1035,1037,1040,1056,1063,1072
1035,1038,1040,1041,1071
1023
1018,1020,1062,1071
1015,1020,1031,1034,1035,1063
1028,1030,1041,1063
1012
1028,1039,1063
1013,1034,1041,1077
1062
1012,1037,1039,1061
1034,1035,1040,1061,1063
1018,1030,1035
1003
1026,1035
1039
1035
1039
1003,1026,1030,1037,1084
1011,1018,1023,1025,1034,1041
1001,1021,1026,1030,1040,1041,1044
1021,1026,1030,1038,1063,1070
1018,1020,1026,1028,1035,1040,1044,1070
1012,1013,1016,1023,1035,1048,1056
1011,1026
1001,1031,1040,1072
1035,1041
1012,1057
1013
1070
1001,1040
1003,1013
1001,1008,1034,1044
1030
1030,1062,1063
1035,1057
1015,1018,1025,1084
1012,1030,1034,1035,1077
1012,1021,1028,1035,1037,1040
1003,1012,1018,1026,1030,1034,1035,1037,1040,1057,1071
1001,1012,1021,1028,1044
1056
1012,1070,1071
1026,1035,1040
1040
1030,1061,1084
1030,1040,1077,1082
1023,1037
1082
1013,1018,1020,1026,1035,1041,1056,1063,1064
1034,1040
1023,1026,1035,1040,1062,1064
1023,1039
1020,1029,1062,1063
1010,1015,1021,1023,1048
1015,1020,1031,1040,1057,1064
1001,1015,1016,1018,1021,1023,1041,1070
1012
1037
1030,1037
1023,1026,1084
1011,1023
1012,1023
1015,1028
1001,1015,1028,1034,1070
1028,1056
1016,1018,1020,1034,1035,1038,1084
1012
1023,1063
1026,1031,1035,1040
1015,1020,1021,1031
1011,1015,1030,1037,1038,1057
1001,1020,1026,1030
1010,1015,1034,1056,1070
1026,1035,1041
1008,1015,1030,1041,1056,1057
1015,1023,1026,1062
1001,1012
1018
1015,1034,1064
1010,1012,1013,1023,1025,1026,1030,1035,1044,1070,1072
1023,1028,1030,1035,1037,1040,1048,1063,1064
1012
1012,1035,1041,1057,1062,1071,1072
1039,1040,1063
1011,1040,1063
1021,1040,1056
1063
1023,1030,1035,1040,1056,1057,1070
1015,1020,1030,1035,1038,1071
1015,1026,1062
1012,1056
1012,1056
1030,1040
1012,1018,1023,1035,1037,1040
1015
1012,1013,1015,1016,1020,1021,1028,1040,1057,1070
1012,1021,1023,1037
1034,1056
1008,1011,1025,1026,1034,1040,1044,1064
1021,1025,1030
1025,1035
1003,1012,1020,1026,1028,1034,1035,1040,1044,1062
1015,1034,1035,1044,1061
1063
1001,1012,1023,1030,1070
1011,1016,1029,1040,1071
1057
1023
1040
1012,1015,1021,1026,1034,1038,1070
1030,1040
1003,1018,1034
1063
1063
1023,1028
1001,1012,1015,1034
1026
1030
1037
1015,1021,1035
1013,1015,1020,1023,1030,1031,1057,1062
1015,1018,1021,1025,1026,1030,1034,1040,1041,1070
1011
1012,1023,1035,1040,1048
1023,1056,1064,1077
1003,1012,1030,1037,1040,1084
1001,1035,1037,1038,1056,1057
1011,1020,1031
1040
1020
1018,1020,1056
1056
1015,1016,1082
1015,1023,1031,1057,1064,1070
1023,1072
1001,1015,1023,1026,1035
1001,1026,1028
1011,1012,1030,1056,1082
1023,1041
1030
1015,1021,1035,1040,1062,1071
1012,1013,1029,1035,1064
1015,1023,1063
1010,1012,1013,1015,1035,1038,1039,1040
1062
1015,1034,1044,1056
1015,1020,1025,1029,1034,1035,1037,1038,1039,1056,1071
1012,1023,1035,1056
1001,1011,1023,1035,1037,1070
1010,1012,1030,1037,1048,1070
1021,1057
1026,1035,1062
1011
1037
1011
1015,1035,1044,1062
1012
1082
1012,1015,1023,1025,1028,1029,1035,1056,1070
1013,1015,1028,1029,1034,1035,1041,1044,1064
1010,1015,1030,1063
1003
1048
1061
1018,1040,1063
1008,1070
1012,1015,1018,1026,1040,1041,1063,1071
1001,1003,1026,1035,1041,1044,1056
1015,1023,1034,1040
1030
1015,1030,1070
1018,1030
1021,1026,1071
1015,1018,1020,1026,1028,1039,1040,1041,1056,1061,1062
1011,1026,1029,1030,1035
1035
1021,1044,1062,1063
1039,1040
1012,1040,1062
1015,1026,1056
1021,1023
1015,1028
1015,1040,1062
1001
1071,1072
1008,1018,1062
1013,1016,1018,1020,1026,1034,1035,1040,1070
1012
1001,1037,1071
1035,1056
1013,1015,1070
1056
1015,1035,1037,1040,1056,1070
1026,1040
1003,1008,1010,1011,1012,1013,1015,1016,1018,1030
1012,1015,1030
1001,1039
1037
1025,1028,1038,1072
1012,1034,1040,1077
1025,1063
1063
1012,1035,1041
1015,1040
1037
1026,1056
1030
1040,1056,1072
1012,1026,1030,1070
1001,1015,1037
1026
1016,1040,1062,1071
1003,1015,1018,1021,1025,1040,1070
1026,1041
1013,1035,1062
1023,1026,1030,1070
1001,1012,1023,1029,1044
1015,1026,1030,1041,1056,1062,1064
1003,1039
1012,1031
1040
1012,1021,1030,1056
1018,1030,1063
1010,1012,1015,1030,1039,1040,1070
1025,1057
1012,1023,1034,1056,1064,1072,1082
1031
1015,1041
1021,1072
1030
1015,1030,1037,1040
1041
1041
1008,1012,1035,1039,1056,1077
1020
1026
1012,1026,1035,1057,1064
1015,1030
1037
1012,1048
1030
1063
1015,1026
1015,1040
1044
1023,1038,1057,1084
1012,1015
1012,1015,1023,1044,1056,1062,1070
1012,1062
1003,1015,1031
1030,1063
1015,1021,1028,1030
1008,1023,1030,1034,1039,1044,1061,1070,1071
1012,1084
1012,1063
1015,1016,1020,1031,1034,1044
1010,1030,1035,1062,1063,1064
1018,1028,1040,1057
1012
1012,1028,1082
1011,1031,1037
1011
1008,1012,1041,1063,1070
1030,1056
1084
1012,1030,1041,1056
1023
1023
1023,1040
1015,1021,1028,1070
1012,1023,1030
1037
1037
1001,1026,1028,1029,1034,1041
1026
1018,1023,1026
1071
1016,1034
1001,1015,1016,1018,1023,1028,1035,1040
1023
1020,1071
1001,1015,1020
1015,1035,1040,1063
1037
1018,1030
1015,1034
1012,1030,1063
1015,1016,1035
1020
1001,1008,1011,1015,1023,1034,1040
1003,1011,1018
1015,1023
1037
1023,1030
1018,1023,1035
1021,1023
1035,1038
1034,1035,1061,1072
1001,1012
1015,1020,1023,1026,1034,1038,1040,1056,1062
1012,1021,1023
1035,1038,1064
1012,1037,1071
1037
1012,1023,1030,1072
1011,1015,1040
1028,1062
1026
1012
1001,1012,1023,1034,1048
1061
1011,1015,1023,1031,1035,1040,1084
1015,1030,1038
1023
1023,1026,1030,1040
1023
1023,1035
1015,1025
1011
1011,1040,1061
1011,1015,1031
1011,1016,1026,1040
1020
1016,1028
1001,1015,1039,1056
1026
1021,1023,1030
1035,1040,1061,1070
1025,1028,1041
1023,1039,1056
1023,1030
1063
1072
1012,1061
1037
1035
1008,1015,1016,1018
1015,1038,1044,1064,1070
1023,1025,1041,1061,1062
1015,1023,1040,1041
1001,1025,1035
1026,1044
1011,1015,1023,1035,1040,1062
1035,1044
1012,1015,1020,1035,1048,1057
1020,1035
1008,1012,1070
1020,1021,1044
1011
1061
1008,1015,1020,1061
1070
1003,1012,1015,1021,1030,1035,1062,1072
1015,1044,1062,1063
1016
1001,1012,1034
1020,1026,1030,1035,1063,1071
1012,1025,1039
1021
1018,1023,1026,1035,1038,1040,1064
1020,1035,1048,1061,1070
1008,1026,1038,1040,1041,1063
1015
1023
1034,1040
1015,1020,1026,1077
1030
1025,1026,1028,1077,1082
1021,1037,1041
1061
1026
1021,1084
1026,1056
1035,1057
1031,1037
1013,1015,1018,1021,1025,1026,1028,1029,1038,1061,1070,1072
1012,1025
1018,1023,1031,1070
1018,1021,1070
1057
1012,1026
1012,1016
1012,1023,1037
1030,1070
1001,1015,1023,1035,1057,1062,1064,1072
1031,1040
1001,1018,1020,1026,1040,1062,1064,1072
1026,1040
1015,1023,1030,1031,1035,1040,1041,1061
1012,1044,1061
1012,1056
1026,1029,1030,1034
1035,1057,1063
1061
1023,1035
1023,1026,1056,1084
1025,1044,1057
1082
1013,1021,1063
1030,1034,1044,1063
1001,1015,1035
1061
1015,1023
1012
1011,1034
1037
1063
1037
1011,1023,1038
1070
1003,1015
1012,1035,1038,1040,1062
1015
1023,1026
1015,1023,1026,1035,1062
1070
1037
1021
1026,1030,1034,1035
1001,1013,1015,1020,1025,1034,1040
1023
1015,1025,1035,1044
1011,1012,1021,1035
1015,1023
1015,1037
1015,1016
1013,1023,1030,1035,1040,1044
1011,1013,1015,1026
1001,1023,1026,1038,1040,1044,1064
1023,1030,1056
1030,1072
1011,1015,1026,1040
1011,1013,1015,1023,1044
1026,1028,1031,1038,1041
1040
1012
1035,1057
1012,1057
1015,1025,1035
1030,1041
1012,1023,1026,1029,1034,1035,1062
1023
1001,1011,1015,1035,1038,1063
1012,1021,1023,1025,1026,1028,1038,1062
1020
1023,1025,1040,1044
1001,1011,1015,1021,1034,1040
1021,1023,1030
1012,1023,1030,1038
1077
1029,1030,1034
1015,1023,1028,1041,1044,1056
1001,1003,1018,1023,1034,1040,1041
1012,1035,1038,1040,1041,1044,1048,1056,1070
1012,1015,1023,1028,1031,1035
1011,1035,1064
1023
1013,1040,1063
1061
1030,1038,1040,1062,1064
1025,1048
1001,1035,1037
1015,1031,1070,1072
1021,1023,1030,1035
1021,1035
1023,1030
1013,1041,1062
1015,1021,1039,1040,1062
1013,1015,1021,1026,1031,1035,1062
1013,1056,1057,1063
1015,1021,1026,1030,1037,1040,1063,1070
1001
1056,1077
1012
1003,1015,1020,1021,1026,1028,1031,1034,1035,1041,1044
1001,1003,1023,1034,1041,1044,1056,1064
1023,1026,1029,1030,1035
1040,1063
1015,1064
1015,1021,1026,1035,1062,1070,1072
1023
1018,1023,1025
1012,1015,1021,1023,1026,1028,1057,1061
1015,1020,1044
1015
1012
1030,1039
1063
1040
1018
1031,1040,1044,1056
1035,1056
1012,1013,1025,1030,1070
1008
1015,1023,1034
1013,1015,1071
1037
1037
1020,1035,1070
1030
1011,1023,1030,1077
1023
1003
1037
1011,1018,1040,1056
1015,1016,1026,1040,1041,1056
1037
1012
1008,1030
1035,1056,1064,1070
1070
1001,1034,1035
1037
1023,1030
1044
1044
1056
1015,1021,1023,1037
1015,1044
1023,1035
1003,1013,1028
1025
1001,1035,1040,1077
1001,1061,1084
1010,1030,1031,1044,1063
1015,1016,1026,1031,1034,1056,1062
1015,1023,1025,1026,1035,1041,1070
1037
1001,1010,1030,1037,1056,1057
1011,1023
1037
1001,1034,1035,1044
1011,1015,1039
1034
1010,1012
1030,1034,1070
1070
1015,1021,1044
1015
1021,1039,1063
1012,1013,1057,1070
1011,1015,1023
1003,1015,1021,1063
1030,1070
1030
1015,1018,1034,1040
1015,1040,1061
1037
1015,1044
1026,1082
1020
1012,1034,1040
1021,1039,1077
1023,1035,1041
1011
1039
1011,1018,1021,1023,1026,1028,1030,1035,1040,1044
1039
1026,1030,1072,1084
1023,1038,1064
1035
1034
1010,1021,1030,1034
1001,1008,1023,1025
1010,1012,1015,1023,1026,1034,1044,1062
1001,1010,1040,1084
1040,1057,1063
1030
1015
1011,1023,1040
1012,1016,1041
1023,1026,1030,1034,1039,1040
1015,1056,1062
1048
1034,1061
1015
1003,1011,1015,1023,1070
1001,1012,1016,1040,1048
1008,1016,1020,1021,1025,1031,1077
1030,1037
1020
1001,1035,1040,1062
1012,1044
1010,1016,1061,1062,1070
1018,1044,1062
1015,1035,1063
1018,1034
1012,1028,1030,1035,1037
1001,1011,1023,1040
1012,1037
1015,1031,1035,1039,1041,1056,1061,1062
1015,1026,1031,1034,1044
1062
1015,1038,1057
1026,1030,1044
1011,1037
1015,1028,1034,1040
1008,1015,1026,1035,1041,1044,1057
1044,1061
1023
1015,1016,1021,1040,1084
1030
1062
1062
1012,1021,1037,1040,1070
1039,1040
1001,1012,1020,1035,1038,1044,1062,1064
1012,1057
1018,1023
1023,1034
1015,1020,1021,1023,1031,1034
1015,1016,1023,1034,1041,1056,1077
1030
1013,1015,1070
1044
1015
1012,1020,1035,1037,1062
1023
1020,1023,1040,1056
1023,1034,1061
1011,1021,1026,1031,1035,1040,1041,1062,1064
1030
1023,1030,1040
1003,1012,1020,1034,1035,1044,1062,1070
1034,1035,1062
1012,1070,1084
1030,1035,1040,1041,1056,1062,1063,1072,1082
1003,1023,1044,1070
1011,1015,1028
1003
1012,1035
1016,1026,1030,1041,1048,1057,1072
1025,1056
1015,1023,1026,1082
1001,1011,1020,1025,1035,1044,1057,1071,1084
1020,1030
1031
1015,1018,1023,1030,1035,1063
1030,1040
1015,1023,1031,1038,1070
1015,1016,1020,1040
1030
1038
1044
1023,1030,1035
1015,1038
1015,1023,1034,1038,1057
1016,1026,1031
1037
1061
1040
1001,1003,1015,1016,1018,1026,1028,1031,1034,1035,1057,1062
1001,1015,1026,1034,1035,1040,1062,1063
1001,1020,1026,1038,1040
1001,1012,1015,1023,1030,1037,1040,1056,1063,1070,1072
1040
1015,1020,1029,1035,1044,1062
1015,1016,1026,1030,1031,1038
1003,1015,1031,1048
1008,1010,1015,1025,1026,1035,1048,1062,1077,1082
1003,1008,1015,1020,1023,1026,1030,1034,1035,1044,1056,1064
1001,1035,1044
1003,1021,1035,1056,1061,1070
1026
1040
1008,1012,1023
1030,1037,1040,1061
1063
1039,1040,1070
1040,1062
1015,1020,1021,1030,1034,1035,1040,1044,1056,1057,1070
1011,1015,1023,1072
1030,1037
1008,1015,1030,1034,1040,1056,1070,1072
1015,1021,1023,1030,1044
1030,1035
1015,1063
1062
1015,1035,1040
1010,1013,1015,1016,1026,1031,1034,1039,1044,1063
1028,1030,1057,1062,1063
1013,1015,1026,1030,1034,1044,1056,1062
1040,1061
1031,1035,1061,1070,1071
1020
1015,1020
1015,1035,1040,1062,1063
1015,1021,1026,1029,1056
1016
1015,1023,1040,1063,1064
1015,1026,1062
1023,1028,1040
1037,1082
1012,1056
1064
1016
1040,1082
1056
1041,1061
1012
1008,1018,1020,1028,1040,1070
1021
1008,1010,1011,1034
1001,1015,1018,1035,1040,1041,1044,1056,1061
1038,1040
1015,1018,1040
1011
1010
1012,1030
1030,1070
1023
1018,1030
1001,1012,1031,1044
1013,1030,1063
1012,1041,1044,1062,1063
1039
1030,1063,1071
1016,1030,1034,1040,1064
1037
1056,1082
1020
1012
1026,1029,1035
1015
1056,1062
1015,1026,1030,1035,1044,1057
1001,1018,1020,1021,1029,1030,1057
1013,1040
1040
1003,1015,1018,1020,1026,1029,1041,1062
1012,1063
1003,1015,1018,1020,1029,1057,1077
1030,1082
1026,1031,1072
1003,1021,1030
1023,1063
1030,1035,1056
1035,1070
1012,1030,1062
1015,1018,1026,1035,1040,1041
1070,1071
1028,1030,1035
1016,1035,1070
1001,1015,1034,1040,1056,1070,1071
1013
1001,1012,1029,1030,1035,1040,1063
1015
1056
1001,1035,1037,1071
1012,1018,1026,1035
1010,1013,1062
1003,1016,1021,1026,1028,1029,1030,1035,1037,1040,1044
1012,1040,1044
1026,1028,1029,1030,1034,1056,1077
1020,1035,1057
1008,1015,1026,1039,1041,1056
1018,1030
1001,1012,1013,1018,1063,1071
1015,1038,1040
1003,1011,1012,1018,1020,1030,1031,1062,1070
1001,1034,1035
1084
1030
1034,1063
1012
1063
1018,1064
1041,1044
1026,1030,1035,1061,1062,1071
1001,1012,1015,1023,1037,1040,1041,1056,1061,1064
1040
1044,1056
1015,1018,1037,1070,1082
1015,1025,1040,1077,1082
1037
1015,1018,1040,1041
1037
1082
1038
1015
1037
1071
1020,1038,1062,1084
1001,1003,1013,1020,1021,1026,1035,1040
1028
1003,1035,1072
1015,1016,1035
1040,1056
1011,1021,1044,1063
1018,1026,1062
1026,1035
1001,1015
1030,1057
1015,1026,1035
1012,1029,1040,1057,1064
1038,1044
1011,1029
1015
1012,1037,1040
1040,1057,1070
1015,1030
1013,1015,1026,1029,1034,1057
1056
1001,1012,1026,1030,1070,1072
1008,1028,1038
1003,1018,1020,1029,1030,1039,1040
1015,1056,1070
1012,1037,1070
1021,1070
1015,1026,1030,1056
1063
1015,1028
1013,1021,1030,1061,1062
1030,1056
1003,1015,1018,1030,1040,1056
1037,1063
1015,1021,1026,1028,1030,1035,1040,1041
1003,1013,1018,1020,1021,1026,1035,1040,1056,1062,1070
1021,1023,1039
1057
1013,1026,1056,1062
1001,1012,1015
1035
1015,1030
1012,1013,1026
1010,1012,1023,1030,1084
1001,1018,1023,1034,1035,1039,1044
1001,1015,1040,1044
1015,1020,1028,1077,1082
1037
1011,1023,1041
1021,1023,1030
1063
1012,1015,1035
1023,1030
1015,1016,1034,1035,1070
1030,1070
1018
1011,1023
1025,1077
1011,1025,1044
1008,1012,1030,1070,1071,1072
1023,1037
1012,1015,1025,1028
1023,1063
1012,1013,1023
1015,1030,1035,1056
1012
1015,1018,1023,1026,1035,1044
1001,1044
1040,1056,1082
1023,1025
1030
1030
1062
1011,1015,1023,1057,1082
1016,1023,1070
1015,1034,1035
1001,1015,1020,1023,1070
1023,1025,1035,1064
1015,1023,1030,1035,1038,1072
1013
1008,1012,1021,1025,1030,1035,1056
1023,1028,1035,1041,1057,1061,1064
1008,1012,1021,1071,1072
1030,1044
1037,1063
1015,1026
1011,1012,1013,1025,1056,1070
1020,1028,1029
1030,1031
1015,1021,1063
1015,1026,1031,1040,1056
1030
1030,1063
1001,1012,1023,1026,1038,1040,1084
1041
1018,1040
1056
1012,1013,1041
1011,1015,1030,1037
1012,1015,1023,1028,1056,1082
1018
1011,1026,1034,1035
1034,1035,1063
1070
1048
1025
1015,1023,1031,1034,1035,1038
1040
1023,1039
1034,1035
1015,1038,1040,1057,1062,1064
1015
1023,1048
1025
1001,1012,1021,1064
1035,1063
1028,1035,1038
1063
1030,1044,1082
1018,1030,1061
1031,1044
1003,1012,1030,1057
1021,1023,1025,1035
1023
1011,1012,1021,1023,1030,1031,1035,1040,1056,1070
1034,1041,1056
1035,1040,1048
1015,1026
1030
1035,1040,1048
1037
1044,1070
1015,1023,1034,1040,1041,1044,1061,1072
1023,1056
1015,1023,1030,1031,1034,1040,1057
1001
1001,1012,1021,1026,1031,1035,1044,1062
1023
1011,1023
1012,1034
1012,1016,1040,1062
1034,1040
1001,1029,1030,1034,1040,1044
1015
1038,1061
1012,1013,1015,1018,1030,1038,1048,1056,1070,1071
1003,1023,1040
1020,1061,1064
1011,1028,1030,1035,1056,1070
1015,1034,1035,1040
1001,1015,1023,1034,1035,1040,1044,1062,1064
1011,1012,1018,1028
1012,1015,1021,1048,1070
1010,1015,1023,1031,1048,1061
1026,1035,1056,1057,1062
1001,1021,1034,1044
1030
1030,1072
1070
1008,1015,1035,1038,1056,1070
1010,1015,1026,1030,1040,1062,1063,1082
1020,1030,1061,1070,1072
1012,1015
1015,1020,1030,1056
1020,1035
1012,1016,1018,1040,1057,1061,1062
1015,1044
1063
1035
1012,1015,1020,1026,1030,1031
1030,1070
1021,1028
1021,1030
1071
1003
1026,1028,1030,1048,1057
1011,1015,1021,1025,1034,1039
1040
1013,1035,1037,1038
1023,1030
1012,1021,1025,1030
1008,1015,1031,1072
1025,1028,1040
1040,1062,1063
1030
1020,1026,1040
1012,1039,1040
1012,1015,1020,1029,1062
1035
1023,1026
1008,1012,1015,1018,1034,1035
1015
1031,1037,1072,1077
1015,1039,1040
1040
1030,1056,1082
1001,1021,1023,1028,1030,1035,1038,1040,1056,1077
1018
1015,1020,1048
1016,1026
1057
1016,1026,1044,1056,1061
1030,1031,1037,1057,1062,1064
1001,1044
1026,1070
1012,1023,1025,1026,1030,1035,1037
1025,1044,1056
1028
1012,1026,1035,1062,1071,1072
1061
1012,1026
1012,1018,1021,1026,1035,1044
1082
1028,1070
1001,1012,1015,1030,1034
1013,1041,1082
1023,1039,1041,1077
1012,1020,1031,1077
1030
1010
1030,1040,1063
1030
1020,1035,1044
1015,1026
1072
1003,1021,1035
1023
1071
1018,1039,1040
1072
1003,1023,1025,1028,1034
1001,1011,1015,1021,1031,1038,1044,1056
1010,1015,1035,1040,1041
1026,1063
1015,1026,1040,1063,1071,1082
1026,1040
1020
1015,1023,1026,1040
1013,1015
1001,1030,1038,1041
1012,1015,1035,1057,1077
1010,1011,1084
1015,1016,1064,1077
1035
1015,1023,1026,1040
1001,1015,1025,1034,1035
1023,1026,1030,1070
1037
1037
1011,1020,1026,1035
1021,1025,1028,1035,1040,1077
1037
1035,1057
1056
1001,1018,1034
1023,1028,1030
1011,1015,1040
1015,1070
1015,1070
1010
1001,1012,1015,1023,1062,1064,1070
1018,1039,1040,1061,1062,1064
1015,1023,1035,1064
1015,1026,1044
1023,1035
1023,1026,1048
1023,1082
1037
1023,1030,1057
1038,1057,1063
1015,1023,1026,1029,1030,1034,1040,1041,1062
1015,1040,1061
1011,1023,1041,1044
1015,1026,1035,1044,1062
1011,1021,1023,1025,1026,1030,1040,1044
1021,1040,1044
1008
1040
1020,1035,1062,1064
1010,1056
1038,1040,1072
1034,1035,1040,1044,1070
1023,1030
1016,1021,1057,1070
1001,1031
1016
1012,1021,1023
1070
1048,1057
1015,1020,1029,1035
1015,1020,1026,1041
1023
1016,1018,1040,1077
1023,1037
1015,1056
1015
1015,1021,1023,1028,1029,1035,1038,1057
1012,1013,1040,1041,1071
1023,1040
1040
1012,1030,1035,1063
1023,1025,1061
1011,1023,1025,1037
1012,1023,1025,1039,1040
1023,1030,1070
1012,1021,1040
1028,1040,1063
1030,1038,1040,1084
1026,1044
1012,1015
1015,1023,1035,1038,1048,1062
1023,1031,1062,1063,1064
1015,1028,1063
1001,1015,1026,1031,1035,1039,1048
1018
1028,1034,1040
1015,1040
1021
1023,1030
1023,1037
1008,1011,1018,1023
1021
1018,1070
1023,1030
1015,1018,1056,1057,1064,1071,1072
1023,1030,1035,1040,1070,1084
1030,1056
1001,1011,1034,1040,1041,1064
1030,1037
1082
1057
1035
1015,1040
1023,1034,1040
1015,1020,1031,1044
1018,1021,1034,1041,1048
1023
1035,1048,1062
1001,1012,1034,1044,1056,1070
1015,1026,1028,1061
1035,1062
1021,1030,1057
1056
1001,1021,1026,1030,1035,1070
1023
1021,1023,1030
1015
1034,1035
1001,1015,1025,1041,1048,1056,1070
1038,1040,1056
1021,1035
1001,1015,1026,1034,1035
1011,1016,1018,1023,1039,1044,1062
1018,1026,1040,1041
1023,1025,1056
1012
1063
1016,1025,1062
1015
1010,1030,1061
1003,1015,1018,1020,1026,1028,1030,1035,1056,1064
1040,1056
1021
1010,1030,1034,1039,1040,1063
1015,1016
1026,1037,1070
1012,1039
1015,1061,1063
1013,1031
1012,1015,1018,1025,1026,1035,1040,1044
1001,1010,1015,1026
1037,1077
1011,1030,1037,1040
1026,1072
1026,1038,1064,1071
1020,1077
1013,1015,1018,1020,1044,1061,1062
1015,1023,1025,1030,1070,1082
1030
1026,1037,1040,1044,1061
1001,1011,1020,1023,1034,1077
1015
1013,1020,1021
1030
1012,1062
1012,1013,1018,1030,1035,1037,1040,1041
1040
1021,1023,1030,1044
1040
1011,1015,1028,1056
1013,1015,1020,1035,1040
1012,1015,1026,1030,1039,1070
1013
1057
1010,1020,1061
1026
1012,1018,1063
1020,1026
1012,1015,1035
1070
1023,1026,1039
1001,1015,1026,1040
1012
1062,1070
1035
1001,1023
1025
1021
1035
1035,1041,1044,1063,1070
1026,1062
1030
1021,1023,1026,1041,1048,1056,1064,1070
1016,1018,1025,1044
1040
1001,1015
1037,1041
1001,1015,1034,1035,1040,1062
1011,1018,1041,1056,1084
1011,1023,1026,1061,1064
1011,1028,1040,1056,1061
1023
1001,1026,1038,1070
1001,1015,1023,1026,1034,1061,1063,1070
1012
1013,1077
1012,1015,1023,1025,1026,1035,1041,1070
1063
1012,1023,1026,1030,1037
1010,1012,1021,1025,1035,1040,1041,1061
1011,1013,1023,1030
1011,1015,1030,1040
1039,1064
1031,1061
1011,1012,1013,1070
1011,1015,1023,1025,1028,1038,1084
1021,1023,1026,1028,1040,1057,1062,1064,1070
1012,1015,1021,1023,1030,1044
1035
1021,1023,1034,1038,1044,1070
1015,1023,1070
1037
1001,1010,1015,1020,1025,1026,1031,1034,1035,1040,1041,1044,1056,1071,1077
1008
1040,1041,1057
1063
1012,1034,1035,1057,1062
1011,1039,1040
1015,1028,1056
1003,1010,1012,1018,1030,1031,1077
1023,1034,1044,1070,1084
1015,1026,1028,1035,1044,1070
1011,1015
1001,1011,1023,1026,1030,1035,1056
1037
1012,1023,1037,1044,1062
1016,1035,1062
1015,1025,1026,1031,1034,1040,1062
1026,1039
1030,1056,1084
1015,1020
1011,1015,1062
1057
1012
1030,1040,1056,1072
1012,1021,1023,1026,1030,1035,1037,1040
1039
1015,1023,1038
1026,1031
1012,1018
1015,1020,1026,1030,1034
1030
1015,1028,1031
1063
1034,1048
1023,1026,1030
1001,1057
1012,1021,1030
1037
1001,1015,1064
1023,1026,1084
1008
1023,1026,1035,1038,1040,1070
1070
1001,1015,1021,1026,1072,1082
1013,1037
1001,1011,1012,1021,1035,1041
1037
1030,1082
1015,1018,1026,1035,1039,1040
1023,1035,1057
1010,1015,1035,1056,1062,1064
1037
1063
1001,1020,1037,1061,1062
1015,1034
1040,1041
1015,1023,1035,1038,1040,1044,1048,1057,1070
1026
1012,1015,1021,1023,1026,1038,1044,1070,1071
1013,1028
1008
1040
1001,1012,1015,1023,1025,1063,1064
1063,1070
1012
1023,1034,1070
1023,1063
1015
1011,1041,1057
1015,1044,1048,1056
1035,1061,1070,1077
1023,1056
1016,1030,1048
1015,1023,1029,1031,1056,1062
1030,1070
1021,1023,1026,1030
1016
1003,1023,1040,1041
1015,1044,1056
1012,1061,1064,1082
1015,1023,1062,1082
1026,1062,1070
1023,1030,1035
1012,1015,1040,1044,1070
1023
1023
1035
1015,1023,1031,1035,1038,1048,1056
1012
1012,1015,1016,1026,1035,1040,1063
1003,1012,1015,1031
1025,1034,1048,1056,1062
1001,1012,1015,1020,1031,1040,1044,1063,1082
1015,1034
1015
1037
1037
1001,1012,1023,1030,1070
1015,1028,1030,1035,1039,1040
1037
1039,1040,1041
1015,1030,1031,1034,1038,1056,1057,1063
1023,1030,1072
1011,1015,1016,1023,1070
1011,1018,1023,1028
1023
1023
1016,1039,1057,1070
1001,1015,1035
1061
1037
1011,1030
1063
1003,1021,1023,1035,1048,1057,1061,1062,1064
1021,1063
1023,1037
1012,1034,1071,1084
1015,1025,1026,1030,1057,1062
1001,1021,1023,1029,1035,1040
1015,1023
1011,1015,1041,1061,1062,1072
1021,1023
1034,1077
1018,1037,1039,1048
1015,1026,1030
1030
1012,1013,1025,1038
1035
1015,1018
1011,1070
1037,1071
1037
1012,1013
1001,1015,1020,1026,1030,1034
1041
1035,1038,1041,1057,1062
1030,1070
1008,1012,1013
1018,1030
1023,1026,1041,1056
1020,1038,1056
1012,1021,1026,1030,1035,1037,1040
1037
1035,1062
1030,1070
1012,1023
1023
1021,1023,1025,1035,1044,1056
1021,1023,1026,1030,1070
1023,1026
1012,1023,1025,1028
1015,1016,1023,1035,1057
1056
1011,1063
1001,1015,1020,1023,1034,1035,1040,1070,1082
1010,1011,1012
1001,1013,1015,1016,1020,1021,1025,1026,1028,1030,1035,1062,1071
1044,1063
1037
1030,1035,1057
1037
1023,1070
1001,1021,1025,1038,1040,1064
1023,1030
1015,1030,1070
1015,1034,1062,1064
1015,1040,1056,1063
1003,1030
1023,1040,1063
1012,1018,1021,1037,1039,1071
1001,1012,1030,1037,1039,1056,1077,1082
1015,1016
1015,1031,1038
1021,1026
1012,1015,1018,1062,1072
1021,1023
1003,1012,1023,1026,1030,1040,1056
1037
1001,1011,1020,1023,1035,1062
1011,1013,1016,1018,1023,1028,1030,1038,1039,1048,1062
1001,1008,1029,1034,1035,1044,1062
1035
1037
1023
1035,1056,1071
1072
1015,1028,1070
1037
1015,1021,1025,1038,1056
1015,1038
1001
1023,1025,1035,1040,1057
1003,1015,1021,1025,1026,1028,1031,1035,1040,1056,1070,1072
1026,1063
1020,1041,1056
1077
1023,1025
1015,1020,1029,1035,1040,1044,1056,1064,1071
1021,1023
1028
1012,1015,1020,1035,1044
1008,1040
1011,1012,1016,1040,1063,1084
1021,1023,1028,1034,1035,1040,1056,1061
1016,1023,1026,1057,1063
1012,1023,1030
1001,1038,1056,1062
1018,1023,1030,1070,1082
1011,1015,1020,1034,1072
1012,1015,1020,1023,1035
1011,1013,1035
1016,1020,1034,1040,1057,1062,1077,1084
1012,1041,1070
1025
1023,1030
1029
1012
1072
1012,1021,1041,1077
1018,1035,1038,1041,1048
1037
1035
1015,1016,1028,1040,1041
1013
1001,1015,1026,1035,1040,1044
1070
1008,1029,1034,1040
1048
1012,1030,1039,1082
1025,1062
1037
1012,1030
1015
1039
1037
1062
1021
1037
1011,1012,1034,1037
1030,1070
1003,1021
1037
1030
1011,1037
1072
1012,1021,1035,1038,1057,1062
1030,1040
1030,1056
1023
1057
1030
1030,1070
1012
1028,1040
1026
1063
1015,1023,1044,1072
1016,1018,1035,1048
1008
1018,1020,1056
1013,1040,1061
1012,1015
1003
1023,1028
1011,1018,1028,1030,1040,1063
1011,1035,1038,1062,1064,1071,1072,1082
1003,1023
1039
1041
1021,1023,1030,1056
1011,1015
1021,1056,1070,1071
1037
1001,1023,1034,1039
1021,1063
1011,1015
1012,1015,1044,1070,1072
1025,1063
1001,1015
1039
1025,1028,1030,1038,1064,1077
1056,1061
1003,1013,1023,1026,1029,1031,1034,1035,1038,1044,1061,1082
1025,1028,1063
1028
1013,1023,1072
1044,1071
1008,1015,1021,1023,1028,1030,1038,1062
1015,1023,1062
1012,1028,1057
1015,1023,1026,1072
1011,1034,1056
1013,1082
1070
1063
1020,1077
1008
1012,1039,1062,1064
1071
1030,1035
1001,1003,1015,1026,1062,1072
1008,1015,1077
1048
1003,1015,1023,1026,1030
1064
1063
1026,1044
1016,1026
1023
1015,1077
1012,1037
1012,1023,1038,1057
1010,1015,1030,1041,1070
1015
1030,1040
1015,1021,1023
1015,1061
1015
1015
1013,1030,1034,1057,1063
1031
1003,1082
1072
1035,1039
1037,1039
1012
1039
1025,1031
1013,1037
1012,1020,1031,1035,1057,1064
1015,1035
1057
1029,1030,1063
1012,1025,1062,1063
1013,1015,1062,1077
1030,1044
1039,1040,1063
1012,1030
1015,1030,1048
1015,1026,1031,1035,1062,1072
1020,1031,1035,1062
1030
1037
1044
1015,1057
1018
1018
1018,1071
1034
1026,1039
1037
1037
1012,1023,1041,1077
1040
1030,1063
1011
1015
1026,1041,1063
1039
1011,1015,1016,1020,1025,1034,1038,1057
1030
1070
1010,1023,1037,1040,1061
1012,1035,1037,1038
1015,1025,1030,1057,1070
1039,1071
1021,1084
1012,1023,1026,1040
1040
1011,1015,1018,1030,1035,1040,1071
1030,1038,1040
1015,1018,1021,1023,1056
1015,1023,1025,1026,1028,1030,1035,1041,1044,1057,1062
1015,1016,1035,1039,1062
1039
1003,1011,1015,1016,1025,1031,1034,1062,1070
1013,1037
1012,1030,1039,1040
1008,1035,1082
1003,1015,1023,1044
1011,1013,1015,1030,1035
1016,1026
1015,1023,1062
1012
1030,1040,1084
1003,1015
1063
1071
1063
1030
1040
1025,1030,1035,1061
1008,1011,1015,1023,1026,1034,1035,1056
1037
1001,1034
1031
1001,1008,1012,1015,1020,1034,1035,1040,1041,1056,1061,1071
1001,1028,1034,1061
1030,1035,1063
1030,1040,1072
1016,1035,1040,1062
1072
1031
1008,1012,1015,1029,1031,1035,1041,1062,1072
1015,1025,1041,1048,1071
1016,1038,1057,1061,1064
1015,1023,1034,1040,1061,1062
1012,1015,1025,1061,1063
1013
1030,1040,1057,1062
1001,1011,1015,1026,1034,1035,1040,1062
1039,1063
1037
1001,1003,1034,1038
1013,1035
1001,1010,1013,1015,1016,1020,1035,1038,1062,1072
1015,1041,1071,1077
1018,1030,1077
1035
1044
1037
1015,1020,1023,1026,1031,1034,1035,1041,1070
1035,1037,1062
1011,1015,1023,1026,1035
1023,1026,1035,1062
1040
1015
1015,1062
1012,1016,1018,1028,1030,1034,1035,1039,1044,1070
1003,1012,1031,1037,1040,1041,1077
1030
1003,1035,1077
1011,1012,1026,1028,1031,1035,1040,1084
1064
1062
1012,1015,1016
1035,1064
1071
1012,1021,1035,1039,1040
1011,1023,1034,1063
1037
1011,1015,1026,1028,1044,1063
1025
1035
1001,1011,1015,1021,1034,1035,1056,1062,1064
1012,1018,1025,1028,1030,1044,1056,1071
1001,1015,1038,1040,1041
1016,1030,1040,1057
1039,1041,1072
1010,1015,1034,1035,1044,1070
1023,1025,1030,1038
1012,1031,1038,1040,1041,1071,1072,1084
1012,1013,1015,1035,1038,1040,1041,1056,1063,1077
1015,1021,1064,1070
1030,1035,1038,1064
1015,1082
1021,1035
1035
1016,1021,1023,1030,1035,1040,1041,1062,1063,1084
1021,1025,1034,1039,1040
1008
1025
1012,1015,1023,1029,1030
1026
1018,1020,1038,1041,1062,1064
1010,1011,1012,1015,1018,1037,1062,1072
1030
1015
1001,1003,1013,1040
1001,1015,1016,1018,1021,1040,1084
1030
1030,1031
1012,1015,1038,1040
1015,1025,1026,1031,1034,1035,1057,1062
1056
1035
1012
1018,1034,1035,1041,1056,1063
1026,1030,1064,1070,1082
1020,1030,1040,1056
1020,1026,1034,1035,1038,1041,1044,1072,1084
1037,1084
1062
1003,1012,1013,1021,1025,1040,1070,1072
1010,1015,1018,1026,1035,1041,1044
1044
1020
1037
1013,1063
1030
1010
1063
1003,1008,1026,1028,1030,1070
1082
1037
1012,1025,1030
1021,1030,1035,1041,1056
1023,1041,1084
1039,1082
1030,1040
1008,1020,1026,1028,1029,1040,1041
1040,1063
1044,1057
1030,1034,1039,1044
1001,1008,1016,1030,1035,1038,1040,1041,1044,1062,1063,1070,1084
1023,1030,1037
1028,1040
1040
1025,1037,1040,1084
1001,1003,1012,1018,1035,1044,1056,1057,1062
1010,1023,1026,1030,1039,1061,1082
1030
1037
1070
1001,1031,1035
1001
1011,1021,1040,1056,1070
1056,1064
1048
1013,1030
1018
1011,1035,1038,1044,1056,1063
1011,1035,1037,1040,1056,1063
1003,1015,1030,1063
1003,1018,1028,1035,1038,1040,1062
1037
1001,1026,1034,1056,1084
1003,1018,1026,1034,1056
1001,1018,1030,1040,1062,1064
1018,1021,1023,1039
1015
1011,1013,1035
1015,1023,1077,1082
1011,1015,1026,1030,1040,1062,1064
1013,1015,1026,1029,1035,1038,1040
1016,1021,1023,1035
1012,1021,1028
1011,1026,1035,1056
1023,1035,1056,1057
1037
1015,1018,1023,1026,1034,1035,1044,1048,1064,1070
1012,1026
1015,1034,1038,1041
1015,1035,1072
1016,1056,1070
1038
1011
1037,1039,1044
1001,1015,1018,1026,1028,1034,1035,1044
1015,1038,1064,1071
1035,1040,1063,1072
1034,1056,1072,1082
1011,1016,1026,1061
1035
1015,1056
1023,1028,1040,1062,1070,1084
1063
1011,1012,1015,1031,1035,1038,1044,1048,1056,1062,1063
1011,1015,1021,1028,1040
1012,1057,1061,1062,1082
1001,1015,1025,1026,1028,1040,1057,1062
1061
1030,1062,1084
1011,1015,1040,1041,1062,1064
1023,1025
1037
1037
1021,1023,1035,1056,1072,1077,1084
1011,1021,1025,1038,1057,1070
1040
1015,1026,1035,1038
1023
1001,1011,1025,1030,1035,1056,1057,1070
1012,1015,1021,1023,1037,1041,1084
1015,1070
1001,1013,1035,1037,1044,1062,1064,1070
1037
1025,1038,1063
1020,1023,1040,1056,1057
1023,1029,1031,1034,1035,1040,1056,1084
1035
1012,1030
1012,1015,1020,1023,1030,1035,1038
1001,1023,1070
1001,1015,1016,1020,1034,1035,1062
1035,1071
1062,1064
1012
1008,1020,1030,1034,1035,1041
1011,1030,1035,1048,1071
1003,1021,1035,1070,1072
1015,1030,1031
1035
1020,1025,1035,1040
1015,1023,1026,1029,1035,1038,1044,1056,1070
1015,1020,1023,1026,1062
1012,1021,1023,1037,1072
1030,1063
1021,1025
1008,1063
1026,1029,1030,1061
1082
1021
1008,1023
1037
1018,1020,1025,1026,1035
1040,1063
1012,1057,1062
1063
1030
1018,1026
1015,1057
1008,1012,1015,1016,1020,1026,1029,1030,1034,1035,1040,1071
1012,1015,1018,1021,1026,1041,1061
1015,1026,1035,1040
1021,1029,1030,1048,1061,1071,1084
1015,1070
1037,1072
1020
1012,1013,1026,1035,1057,1061,1063
1040,1082,1084
1039
1082
1021
1082
1013,1015,1020,1023,1026,1031,1040
1015,1026,1030,1037
1012,1023,1030,1040,1044,1062,1063,1084
1030
1015,1025,1030,1035,1041,1063
1023,1056,1063,1072
1015,1021,1031,1035,1041,1070
1030,1082
1035
1040,1061
1003,1061,1084
1003,1030,1035,1038,1044,1056,1062
1001,1012,1056,1070
1020,1023,1025,1030,1040,1063
1037
1030
1012,1013,1030,1040,1070,1077
1001,1012,1025
1011,1030,1082
1011,1015,1056,1084
1015
1012,1037,1039
1015,1035,1062
1035,1038
1040
1056,1063
1015,1070
1029,1044
1001,1012,1025,1034,1035
1030,1040
1070
1012,1015,1021,1023,1026,1030,1037
1012,1030,1035,1038,1040,1044,1057,1072
1035
1039
1015
1015,1070
1037
1026,1034,1035,1056,1071,1072
1039,1056
1012,1015,1020,1026,1056,1062
1012,1020
1023,1063
1012
1037
1040
1061
1021,1035,1044,1062,1070,1071
1015,1034,1035,1044,1070
1010,1025,1030,1062
1063
1001,1026,1034,1038,1040,1044,1056,1061,1070
1028,1030,1037,1040
1011
1023
1012,1015,1016,1020,1034,1035,1040,1044
1013,1023,1034,1035,1063
1015,1018,1040,1077
1001
1063
1021,1030,1035
1023,1030,1040,1044,1082
1008,1012,1018,1035,1039
1008,1021,1023,1030,1035,1071
1015,1034
1012,1041,1070
1012,1061
1003,1015,1018,1020,1023,1030
1021,1026,1034,1035,1057,1063
1021,1025
1037,1040
1037
1035
1040
1020,1029,1062,1084
1003,1018
1044
1013,1015,1057
1013,1039,1040
1013,1020,1034,1035
1012,1013,1018,1030,1044,1063
1012,1034,1056,1061,1070,1084
1063
1030
1015,1034,1057,1077
1037,1039
1039,1040,1057
1012,1016,1018,1030
1012,1013,1016,1021,1034,1041,1056,1064
1020,1026,1034
1084
1030,1071,1077
1039
1039
1018,1030
1038,1039
1012,1035,1040,1071
1012,1021,1023,1035,1057
1056,1070
1023
1012,1020,1030,1040,1077
1008,1029,1030,1082
1015,1026
1015,1016,1026,1029,1044
1030
1018,1030,1072
1008,1026,1030,1077
1063,1064
1012,1023,1040
1018,1023,1025,1030,1034,1056
1021,1023,1030,1048
1015,1040
1003,1015,1016,1040,1057
1015
1018,1040
1012
1001,1070
1015,1062
1015,1021,1023,1029,1034,1040,1041
1012,1023,1029,1030,1070
1012,1037
1003,1015,1020,1026
1023
1037,1048
1001,1023,1035,1040
1063
1035,1064
1026,1028,1038,1061
1015,1056
1070
1023,1035
1072,1082
1034,1035
1015,1018,1020,1037,1071,1072
1012,1063
1030,1037
1023,1030
1044
1023
1012,1015,1016,1025
1030,1082
1012,1015,1040,1041,1044,1056
1023,1028
1018,1023
1015,1018
1070,1082
1001,1020,1026,1034,1040,1056
1015,1030,1062
1013
1056,1063
1003,1013,1028,1030,1056
1008
1008,1016,1023,1030,1040,1057
1012,1015,1028,1039,1041
1026,1030,1035,1057,1072
1030
1026
1001,1012,1015,1026,1028,1038
1030,1063
1020,1023,1025,1029,1056
1028
1012,1041,1072
1011,1035
1011
1016,1018,1020,1026,1030,1039
1062
1018
1015,1018,1026,1048
1015,1048,1070
1015,1021,1023,1030,1034
1070
1062
1030
1010,1084
1001,1015,1020,1034,1035,1040
1015,1021,1030
1030
1030
1003
1003,1010,1029,1040,1064
1028,1039,1044
1030
1012,1037
1037
1012,1021
1008,1013,1016,1026,1044,1056
1015,1041
1008,1034,1056,1071,1082
1018,1044
1013,1015,1026,1031,1041,1056,1062
1015,1020,1044
1021,1031,1034,1035
1011,1015,1023,1026,1034,1061,1062,1072
1015
1011,1037
1011,1021,1038
1003,1008,1012,1015,1016,1021,1025,1026,1031,1035,1048
1030,1056
1001,1034,1035,1062,1064
1012,1018,1020,1030
1012,1062
1015,1026,1031,1048,1070
1001,1012,1037,1044,1064
1015,1021,1026,1040,1044
1021,1048,1056
1026,1028
1012,1013,1056
1021,1039
1039
1016,1035,1044
1030
1030
1031
1015,1034
1012,1030,1031,1084
1028,1038
1056
1030,1082
1040,1077
1015,1035,1056,1057
1021
1012
1018,1037,1040
1001,1015,1072
1016,1020,1023,1056,1062
1062
1012,1023,1040
1026
1037
1011,1013,1035
1003,1048
1026,1029,1070
1015,1021,1070,1071
1040
1056
1015,1062
1012,1015,1016
1001,1012,1015,1062
1012,1015,1030,1034,1070,1072
1028,1030,1034,1037,1040
1011
1012,1015,1020,1030,1035
1012,1028,1039,1040,1063
1012,1063
1003,1015,1026,1035,1044,1057
1011,1015,1026,1031,1077
1071
1012,1015,1023,1030,1035,1062
1013,1023,1025
1015,1035
1056,1077
1021,1026
1015,1070
1012
1015,1071
1030,1037
1023
1044,1063
1040,1084
1037
1034,1077
1012,1018,1035,1084
1029
1010,1037,1040
1072
1030
1030
1021,1041,1061,1071,1072
1037,1070
1015,1016,1028,1034,1037,1056,1062
1071
1008,1010,1012,1034,1041,1044,1056,1084
1057
1020,1021,1034,1044,1062,1063,1070
1056
1015,1020,1040,1041
1010,1016,1028,1031,1035,1040
1063
1021,1023,1025
1012,1021,1039
1040
1021,1030
1012,1015,1057,1070
1003,1025
1071
1011,1034,1044,1056,1061,1062
1063
1016,1038
1038,1040,1056,1077
1012,1026,1029,1035,1070
1016,1025,1035,1072
1026,1028,1030,1034,1063
1015,1026,1037,1044,1062,1064
1023,1025,1070,1082
1013
1001,1015
1010,1015,1023,1061
1021,1025,1030,1040,1041,1056
1064
1021,1023,1030,1038,1041
1061
1001,1021,1023,1025,1026,1035,1040,1062
1030,1063
1001,1018,1026,1061
1010,1012,1016,1023,1030,1035,1056
1012,1021,1026,1039
1030,1031,1041,1064
1035
1023,1071
1016,1023,1035
1015,1035
1015,1023,1030,1035,1040,1062,1070,1072
1030,1039,1040,1061,1071
1015
1018
1023,1025
1011,1012,1026,1034
1030
1012
1015
1012,1015,1021,1026,1030,1041,1044,1070
1015,1021,1034,1063
1021,1023,1030,1062
1015
1021,1023,1028
1008,1037,1070
1037
1037
1063
1023
1030,1040,1071
1040
1023
1013,1023,1026,1030,1035,1041,1057,1061,1062
1026
1023,1030
1030,1037
1023
1023,1028
1023,1035,1040
1023,1028
1013,1023
1023,1025,1040
1023,1026,1028,1084
1001,1015,1018,1041,1044,1056
1008,1021,1028,1035,1062
1001,1015,1025,1026,1028,1034,1035,1044,1062
1028,1037,1040
1023,1070
1012,1020,1035
1020,1035,1061,1062
1021
1023,1025
1023,1025
1056
1025,1028,1048
1015,1020,1040,1070
1021
1008,1015,1018,1028,1034,1035,1070
1035
1001,1023,1026,1041,1061
1023,1025
1026,1034,1035,1040,1044,1063,1070
1015,1018,1023,1034,1044,1070,1071
1001,1015,1026,1031,1040
1011,1015,1026,1028,1034
1001,1030,1034,1037,1062,1064
1011,1035
1063
1039,1040
1011
1039,1040
1003,1008,1012,1013,1026,1031
1001,1018,1034,1035,1039,1061
1030,1040,1057,1084
1012,1015,1034,1056
1011
1023,1035,1040,1044,1071
1023,1062,1070
1015
1023,1030,1044,1061,1072
1030
1018,1039
1008
1063
1003,1015,1026,1031,1035,1041
1026,1040,1062
1010,1029,1031,1035,1039,1061,1070,1071
1034,1035,1038,1062
1012,1063
1082
1026,1061,1071
1011,1023,1026,1040,1064
1015,1070
1012,1013,1021,1030,1034,1071
1012,1013,1015,1018,1021,1026,1030,1034
1023,1056,1084
1012
1030
1015,1030,1044
1011,1037
1015,1023,1034,1048,1062,1072
1015
1020,1056,1057,1062,1071
1008,1015,1041,1048,1070,1084
1011,1012,1030,1034,1044,1048,1062,1072
1034
1015,1023,1026,1040
1026
1011
1001,1023,1056,1070
1040
1012,1020,1023,1030,1070,1071
1010,1020,1021,1026,1030,1035,1041
1013,1023
1030
1008,1013,1015,1035
1028,1061,1062
1012,1031,1038,1056,1062
1026
1023,1035,1056,1070
1026
1012,1015
1010,1030,1034,1035,1040,1056,1062,1063
1023,1034
1048
1018,1038
1063
1063
1012,1015,1018,1023
1023
1040
1012,1034,1039,1048
1001,1011,1021,1023,1026,1028
1071,1077
1037
1037
1035
1003,1028,1031,1041,1084
1021,1071
1035,1064
1082
1040
1040
1012
1038,1044,1056,1062,1084
1011,1023,1061,1070
1062
1003,1015,1057
1012,1013,1035,1070
1039
1037
1001,1016,1023,1056
1072
1015,1062
1026
1029
1015,1018,1021,1062,1077
1001,1016,1035,1041
1028,1084
1037
1037
1037
1018
1030,1034,1038,1057,1062,1063,1072
1013,1025,1038
1001,1021,1040
1001,1013,1015,1016,1034,1056,1057,1061
1035,1064
1012,1025,1035
1003,1025,1034
1003,1082
1035,1062
1001,1008,1021,1026,1034,1040,1044,1070
1040
1035
1015,1023,1028
1012,1018,1023,1025,1030
1039,1040
1012,1023,1044
1023
1034,1044
1026,1035,1056
1023,1070
1063
1030,1063,1077
1018,1023,1037,1056,1063
1012,1035,1062
1015,1026,1030
1012,1023
1012,1023,1040
1084
1012,1015,1023,1025,1071
1012,1015,1030,1037,1056
1015
1001,1035,1062
1035
1077
1037
1061,1063
1035
1012,1020,1023,1035,1041
1003,1015
1026
1023,1026,1030,1040
1018,1023,1030
1015,1016,1023,1026,1038,1044,1063
1001,1034,1040,1057
1012,1018,1025,1026,1030,1040,1041,1057
1021,1030,1063
1001,1003,1011
1028,1037
1030
1037
1040
1057,1064
1030
1015,1023,1028,1040,1062
1023
1001,1015,1040,1057,1062
1021,1028,1038,1063
1023
1030
1015,1035,1062
1015,1018,1023,1025,1030,1034,1035
1063,1084
1015,1026,1031,1038
1011,1015,1056
1021,1023,1026,1030,1040
1037
1015,1021,1029,1034,1035,1044,1062,1064
1023,1035,1063,1064
1012
1037
1018,1026
1021,1030,1037
1015,1040,1062
1037
1037
1008,1013,1023,1034,1041
1015,1016,1023,1026,1030,1031,1034,1035,1072,1077
1001,1015,1034,1044
1001,1012,1035,1040,1048
1003,1016,1023,1026,1040,1041,1061,1084
1026,1035
1020,1035
1016,1038
1012,1035,1040,1044,1048,1084
1011,1015,1020,1038,1040,1044
1012,1037
1015,1023,1040,1057,1062
1001,1015,1044,1071
1013,1026
1011,1012,1031,1038,1044,1057,1061
1012,1028,1041,1084
1012
1034,1040,1056
1015,1035,1044,1062
1030
1023,1026
1020,1026,1029,1039,1062
1016,1023,1026,1030,1034,1039,1048,1056
1037
1020,1025,1031,1034,1035,1062
1030
1063
1030,1070
1015,1035,1044
1015,1020,1023
1008,1015,1023,1048,1062,1072
1056
1015,1026,1035,1040
1008,1040
1001,1015,1026,1034,1038,1061,1064
1040
1011,1020,1021,1026,1030,1031,1056,1062,1077
1021,1084
1011,1016,1031,1038,1040,1041,1057,1061
1025
1020
1037
1018,1023,1035,1056,1057,1062
1015,1023
1013,1015,1030,1035,1040,1056
1012,1015,1023
1001,1013,1035,1056,1062
1010,1011,1015,1023,1028,1030,1035
1008,1011,1015,1016,1031,1035,1039
1015,1020,1023,1031,1035,1038,1040,1062,1064,1070
1012,1016,1021
1012,1044
1013,1016,1062,1064
1016,1030,1040,1041,1048,1084
1037
1013,1021,1026,1030,1044
1015,1023,1063
1012
1015,1040
1012,1035,1038,1041,1062,1063,1064,1070
1040
1012,1035
1001,1030,1034,1035,1040,1064
1015
1030,1034,1038,1039,1040,1062
1077
1021,1023,1040,1082
1023,1030,1056,1082
1010,1015,1021,1040
1008,1018,1023,1030,1063
1013,1015,1023,1040
1001,1077
1038
1011,1021
1015,1023,1031,1035,1040,1056
1012
1011,1012,1023,1034
1015,1018,1035,1038,1040,1056,1063
1040
1038,1040,1062
1001,1011,1015,1020,1021,1023,1025,1030,1031,1035,1040,1070
1025
1001,1023,1026,1056,1084
1070
1015,1020,1031,1057
1023,1025
1044
1015,1018,1030,1038,1044,1061,1064
1015,1038,1041
1012,1015,1020,1061,1062,1072
1063
1015,1030,1061
1035
1015
1001,1012,1015,1018,1030,1044,1062,1064,1077
1063
1011,1016,1018,1030
1035
1037
1037
1023
1064
1001,1023,1030,1040,1044,1063
1023,1030
1082
1025,1030
1015,1061,1072
1044
1012,1034
1001,1031,1035
1001,1011,1016,1020,1023,1026,1030,1034,1035,1041,1061,1062
1015,1025,1026,1031,1044,1070
1030,1039
1015,1020,1035,1041,1056,1061,1062
1015,1039
1013,1023,1028,1035
1012,1021,1023,1039,1072
1023,1026,1030,1037,1072
1035,1057
1023
1030,1038
1011,1012,1026,1030,1035,1037,1039,1041,1062,1084
1044
1012,1015,1031,1038,1040,1044,1064,1072
1011,1015,1020,1040,1044
1001,1028,1035,1040,1061,1062,1070,1071
1011,1015,1040
1040
1001,1015,1020,1021,1034,1035,1040,1056
1011,1015,1035,1063
1010,1023,1026,1034,1038,1041,1070,1072,1084
1012,1021,1037
1011,1030,1048
1015,1026,1037,1040
1001,1026,1038,1044,1062
1015,1020,1026,1028
1025
1008,1012,1013
1001,1013,1020,1025,1031,1035,1056
1011,1026
1015,1023,1035,1062
1023
1015,1026,1030,1031,1041,1048,1056,1064
1023
1023,1063
1015,1021,1023
1070
1010,1012,1015,1030,1057,1062
1012,1035,1057,1062,1070
1016,1021,1035,1044,1048
1030
1012,1018,1030,1034,1044,1071
1011,1015,1020,1023,1026,1041,1044,1056,1072
1001,1056
1034,1035,1037
1011,1015,1020,1023
1015,1029,1035,1038,1040
1015,1026,1064
1013,1030,1031,1056,1070,1071,1072,1082
1030
1012,1026
1015,1016,1044,1062
1001,1015,1020,1023,1026,1031,1034,1040,1070
1062
1015
1012,1030,1072
1011,1015,1016,1038
1008,1013,1015
1015,1021,1034
1015
1018
1010,1015,1020,1023,1034,1035,1040,1062
1026,1035,1040,1070
1025,1040,1062,1063
1012,1030
1001,1011,1015,1026,1030,1040
1008,1015,1056
1008,1012,1013,1020,1031
1070
1023,1025,1030,1040,1057,1084
1012,1039,1040
1040
1011,1026,1031,1034,1038,1040,1041,1044,1062
1010,1018,1021,1023,1030,1037,1044,1070,1071,1077
1015,1023,1031
1011,1040
1012,1015,1026,1040,1041,1057
1003,1008,1012,1016,1064
1021,1023,1030,1035,1056,1063,1077
1001,1011,1015,1018,1026,1030,1034,1035,1039,1062
1015,1038,1040,1044
1030
1011,1015,1035,1077,1082
1034
1011,1015,1018
1015,1041,1071
1008,1012,1056,1070,1072,1082
1034,1035
1037
1010,1011,1016,1030,1037,1040,1057
1037,1040
1015,1040,1056,1063
1021,1023,1025,1034,1056,1061,1070
1031
1063
1062,1064
1001,1015,1026,1034,1035,1040,1041
1011,1084
1071
1037
1011,1057
1023,1056
1023,1035,1063,1070
1001,1018,1040,1064
1021,1030,1039,1040,1044,1063
1012,1023,1025,1034,1039,1062,1063
1012,1020,1023,1025,1062
1011,1012,1021,1023,1025,1035,1057
1016,1026,1034,1044,1063,1070
1035
1015
1030
1008,1016,1018,1020,1035,1040,1082
1012,1020,1023,1035,1056,1061,1082
1015
1021,1026,1030,1035,1040,1041,1048
1013,1015,1020,1021,1026,1034,1040
1015,1016,1023,1035,1037,1040,1056,1057,1061,1062,1063
1039,1040
1008
1030,1077
1001,1026,1029,1030,1040,1062
1003,1010,1025,1034,1070,1084
1012,1013,1015,1021,1038,1040,1056,1077
1016,1040,1044
1023,1041,1077
1018
1013,1018,1020,1030,1040,1041,1057
1001,1015,1025,1028,1035,1048,1056,1057,1062,1064
1030
1012,1020,1030,1037
1001,1015,1021,1023,1028,1035,1040,1062
1015,1035,1038,1062
1025,1035,1037,1040,1056,1062
1012
1030,1063
1072
1021
1041
1012,1020,1029
1023,1034
1030
1064,1071
1011,1012,1015,1028,1030,1034,1035,1061,1070
1020,1026,1031
1029,1035,1040,1041,1070
1063
1015,1023,1040,1070,1072
1026
1012,1018,1021,1041,1062,1063,1071
1003,1010,1026,1034
1039
1013,1037
1001,1015,1035,1040,1041
1001,1013,1020,1025,1040
1023
1012,1026,1029,1035,1062
1020,1023,1034,1035,1062
1025,1063
1012
1015
1015
1013,1056
1015,1026,1037,1038,1039,1041,1056
1030
1010,1034,1040,1063
1001,1021,1072
1030
1034,1082
1021
1008,1013,1015,1018
1077
1015,1021,1025,1026,1057,1062,1063
1026,1030,1040,1056,1063
1012,1030,1035
1026,1040
1003,1008,1015,1030,1040,1056,1061,1070
1023,1057,1071
1029
1029
1015,1018,1035,1056
1015,1020,1031,1040,1041,1062,1064,1071
1030,1035,1056,1062,1082
1034
1001,1012,1018,1030,1034,1037,1077
1001,1015,1025,1026,1029,1056,1072
1039
1011,1018,1030,1037,1040,1044
1021,1070,1072
1023,1077
1001
1021,1026,1028,1062
1012,1040,1044,1056,1077,1084
1011,1015,1070
1025,1037,1062
1011,1018,1020,1026,1035,1056
1037,1039,1040
1012,1015,1020,1023
1003,1015,1028
1012,1056
1015,1023
1057,1064
1015,1035,1038,1062
1021,1062,1063
1030,1040
1025
1057,1077
1010,1012,1013,1015,1018,1029,1034,1038,1061
1003,1013,1015,1018,1026,1034,1061
1012,1018,1020,1034,1035,1040,1056
1015,1020
1011,1015,1018,1031,1070
1039
1018,1039,1056
1015,1029,1040,1056
1011,1035,1037,1039,1063
1020,1029
1015,1018,1026,1040
1026
1018,1029,1072
1012
1015,1026,1040
1003,1025,1028,1030,1035,1044
1010,1013,1015,1026,1030,1044,1056,1062
1011,1023,1030,1040,1044
1015,1028,1035
1048
1015,1020,1035,1056,1057,1062,1070
1011,1040,1070
1011
1037
1015,1030,1057,1063,1070
1011,1015,1072
1012,1015,1016,1023,1026,1040,1056,1063,1064
1018,1020,1026,1031,1035,1041,1044
1015,1061,1064
1035
1015
1023,1035,1062
1016,1057
1011,1015,1057,1084
1011
1023
1011,1013,1018,1035,1038,1064,1084
1012,1015,1018,1021,1023,1056,1077,1082
1018,1028,1030,1063
1015,1016,1023,1028,1040,1057,1070
1035,1062
1015,1035,1048
1015,1018,1023,1026,1035,1038,1062
1015,1028,1035,1037
1015,1020,1026,1031,1034,1056,1061
1011,1025,1030
1037
1015
1001,1015
1013,1020,1034,1035,1044,1057,1063
1015,1031
1013,1048,1070
1021,1026,1035,1040,1056,1057,1062,1064
1011,1026,1030,1057,1062,1084
1015,1023,1035,1048,1057,1064
1015,1034,1035,1040,1044,1062
1015,1021,1023,1025,1056,1057,1063,1077
1037
1030,1062
1030
1037
1063
1015,1035,1056,1057,1062,1070
1011,1015,1023,1028,1035,1037,1044,1062
1028
1031,1035
1008,1035,1064,1070,1082
1008
1011,1015,1023,1038,1040,1056
1039,1056,1057
1011,1025,1035,1061,1063,1064
1012,1040,1041,1061,1084
1034
1012,1013,1023
1003,1011,1015,1023,1025,1029,1031,1035,1048
1015,1040
1035,1062
1023,1028,1030
1016,1035,1044,1062,1070
1023
1015,1025,1040,1056,1062
1015,1021,1023,1025,1026,1029,1034,1035,1062,1064
1001,1034,1035,1044,1062
1070
1008,1015,1016,1035,1071
1011,1013,1015
1011,1012
1001,1015,1020,1023,1026
1015,1021,1023,1028,1063
1030
1001,1011,1038,1040
1035
1013,1034,1070,1072
1012,1021,1023
1020,1021,1023,1026,1035,1040,1062,1070
1001,1021,1023,1026,1030,1056
1008,1011,1015,1021,1023,1026,1034,1061
1010
1001,1015,1016,1023,1028,1034,1064
1037
1023,1084
1038,1057
1012,1029,1034
1011,1039
1011,1020,1023,1026,1030,1034,1035,1038,1062
1010,1015,1016,1021,1023,1038,1040,1041
1012,1023,1025
1023
1021,1038,1070,1072,1084
1039
1016,1035,1038,1039,1057,1062,1064
1013
1011,1013,1015,1062
1025,1063
1001
1023,1070
1015,1023,1026,1031,1034
1018,1041
1003,1008,1015,1018,1020,1021,1035,1057,1071
1001,1010,1012,1025,1044,1056,1057,1072
1012,1063
1037
1010,1012,1015,1034,1038,1056,1070
1001,1062,1064,1082
1015,1023
1030,1040
1011,1031,1035,1038,1044,1057,1062
1016,1020,1034,1057,1062
1012,1020,1026,1028,1035,1044,1056,1082
1082
1001,1010,1018,1026,1034,1035,1041,1044,1084
1011,1021,1026,1034,1035,1040,1064,1084
1012,1015,1023,1035,1062
1062
1028,1034,1061,1084
1023,1037,1044,1062
1008,1013,1026,1031,1056
1015,1018,1030,1031,1035,1056,1062,1064
1010,1025,1037,1040,1062
1023,1035,1062,1071,1072,1084
1015,1025,1030,1035,1044,1062
1011,1015,1035,1048,1062
1063
1023,1034,1035,1062,1063
1044
1001,1031
1018
1011,1012,1025,1040,1041,1056,1070
1015,1056
1039,1048,1070
1008,1077
1030,1056
1015,1020,1028,1035,1041,1044,1048,1062
1012,1013,1020,1025
1070
1011
1011,1012,1023,1028
1012,1044
1015,1034,1044
1035,1048,1062
1012
1015
1011,1023,1034,1062
1011,1015,1023,1026,1040
1063
1015,1020,1031
1008,1025,1035,1041,1061
1001,1034
1018,1048,1070,1071
1026,1040,1063,1084
1011,1015,1021,1035,1062,1082
1063
1039
1040
1015,1020,1030,1035,1040,1062,1064
1015,1070
1025,1056
1030
1013,1028
1013,1030,1035,1040,1057,1070,1084
1023,1041,1062
1030
1026
1013,1030,1040,1063
1015,1041
1077
1015,1016,1063
1011,1020,1026,1035
1018,1021,1023
1040
1015,1041
1016,1044,1062,1071
1018,1035,1039,1062
1030,1062,1072
1001,1015,1034,1035,1062
1030
1063
1018,1030,1061,1063
1015,1021
1011,1026,1038
1013,1015,1035,1038,1044,1056,1057,1062
1030,1034,1056,1063
1011,1015,1016,1020,1035,1062
1023,1030,1034,1035,1038,1063,1071
1001,1010,1015,1021,1030,1048
1040
1071
1011,1012,1035,1056,1064
1015,1030
1010,1012,1015,1035,1039,1056,1071
1011,1077
1008,1012,1013,1023,1025,1035,1063
1030,1039,1040,1048
1020,1056
1039
1016,1026,1034,1044
1026,1040
1003,1012,1015,1020,1030,1063
1040
1037
1015,1020,1023,1026,1034,1040,1063,1082
1063
1010,1015,1018,1035,1038,1056,1057,1062
1071,1077
1023
1001,1035
1015,1021,1034,1035,1039,1056
1018,1034,1077
1015
1037
1015,1020
1023
1012,1018,1021,1030,1071
1034
1063
1012,1037,1056
1030,1037
1003,1015,1030,1061,1063,1070
1039
1037
1023,1026,1041,1056
1040
1025,1030,1031
1026,1070
1063
1026,1034,1041
1011,1028,1084
1001,1011,1040,1044
1011
1013,1030,1037
1003,1030,1034,1039,1040,1061,1063
1040,1063
1037
1012,1015,1026,1035,1056,1070
1030,1070
1011,1026,1028,1030,1034,1038,1040,1077
1015,1030,1035,1037,1048,1056
1012,1015,1018,1040,1044,1063
1030
1012,1015,1020,1034,1044,1057,1061
1023
1020,1023
1008,1030
1018,1030,1040,1056,1070
1037
1015,1023,1034,1084
1011,1015,1040
1026,1030,1072
1012,1021,1026,1070
1015,1023,1025,1035,1037,1038,1040
1008,1012,1020,1026,1035,1056,1062
1037
1012,1023,1026,1029,1030,1034,1035,1041,1062
1016,1023,1026
1011
1012,1023,1041
1044
1012
1015,1021,1023,1026,1062,1070
1015
1001,1021,1025,1038,1044
1037
1015,1026,1040
1023,1030
1023,1044
1037
1001,1023,1034,1035,1044,1062,1070
1028,1034
1001,1003
1001,1015,1038,1044
1008,1018,1023,1028,1040
1028
1011
1015,1026,1028,1031,1034,1044,1070
1023,1030,1040
1021,1023,1030
1021
1015,1026
1010,1044,1070
1026,1040
1023,1026,1041
1001,1021,1023,1030,1038,1040,1056
1001,1010,1026
1012,1084
1008,1021
1015,1028,1030,1037,1038,1041,1070
1001,1015,1023,1035,1072
1001,1015,1035,1044,1057
1037
1011,1037
1071
1020,1062
1012,1015,1018,1023,1035,1040,1041
1015,1023,1028,1040,1063
1023
1057,1062
1035
1012,1015
1030,1040
1001,1010,1016,1020,1021,1035,1038,1063
1013,1015,1023,1026,1031,1039,1056,1064
1026
1003,1013,1023,1028,1044,1056,1070,1077
1015,1023,1026,1034,1035,1038,1040,1056,1062
1026,1044
1012,1023
1062
1008,1012,1020,1023,1029,1030,1034
1020,1040,1070
1001,1013,1015,1021,1026,1048
1012,1021,1023,1025,1030
1020,1035,1062
1015,1037
1008
1010,1037,1041,1072
1011,1015,1028,1063
1001,1038,1061,1063
1028,1034,1070
1008,1021,1023,1061
1012,1013,1015
1001,1015,1044,1062
1016,1023,1035,1041,1062,1064
1037
1034
1037
1034,1035,1057,1062
1023,1041
1012,1015,1023,1035
1021,1031,1034,1044,1063
1015,1016,1021,1025,1034,1062,1071
1021,1063,1084
1015,1040,1041,1063
1015,1023,1056
1016
1026,1035,1062
1015,1026,1035,1044
1040
1030
1016,1035,1038,1040
1001,1008,1015,1041,1044,1061
1001,1031,1084
1015,1023
1030,1038,1048
1037
1021,1023
1023,1037
1021,1030,1082
1023
1016,1040
1011,1013,1015,1018,1028,1038,1044
1015,1018
1010,1020,1023,1025,1035,1056,1061
1035
1011,1013,1063
1001
1015,1023
1012,1020,1021,1025,1026,1029,1038,1040,1041,1056
1056
1030
1021,1026,1070
1077
1056,1063,1070,1082
1082
1037,1062
1015,1030,1044
1015,1035,1062,1063
1015,1016,1018,1021,1023,1056
1063
1028,1037
1030
1030,1061,1063
1015,1040
1023,1025
1012,1034,1041,1044,1061
1030,1041,1062,1084
1018,1026
1008,1030
1012,1026,1035,1062
1030,1044
1063
1030,1044
1012,1023,1034,1040
1003,1072
1011,1015,1023,1070
1015,1016,1035,1038,1062
1015,1023,1025
1003
1013,1015,1035,1062
1037
1015,1070
1023
1037
1021,1023,1026
1037
1026
1056
1015,1023,1026,1041,1056
1012,1021,1030
1023,1041,1070
1003,1016,1038,1044,1057
1030,1031
1012,1023
1003,1015,1025,1040
1040
1030
1018
1023,1025,1026,1034
1012
1023
1016,1020
1023,1028
1030,1063
1011,1013
1003,1011,1015,1031,1039
1062
1025,1028,1040
1063
1030
1003,1012,1015,1018,1030,1035
1026,1031
1030,1044
1025
1011,1026,1041,1064
1031,1040,1084
1003,1012,1015,1023,1030,1031,1048,1061
1001,1015,1028,1062
1023,1030
1063
1034,1057
1041,1070,1082
1015,1034,1044,1070
1028,1057,1062,1070
1015,1021,1057,1070
1026,1037
1023,1028,1030,1035,1039
1028,1034
1015,1035,1037,1041,1048
1023,1026,1035,1040,1056,1061,1062
1013,1015,1018,1020,1023,1040
1003,1028
1012
1008,1012,1040,1041,1044
1011,1021,1035
1015,1021,1026,1030,1035
1001,1039
1040
1070
1011,1012,1021,1023
1021,1063
1015,1023
1013,1015,1026
1040
1064
1063
1001,1040,1044,1062
1013,1063
1015,1023
1013,1018
1003,1026,1061
1030,1035,1037
1012,1023,1030,1041
1021,1035,1044,1061,1071
1021,1023
1040,1061
1008,1018,1040
1015,1040,1072
1023
1023,1030
1001,1012,1018,1026,1029,1030,1040,1056
1012,1023,1070
1012,1030,1056,1057,1070
1015,1016
1063
1040
1020,1026,1029
1003,1030
1030,1034,1038,1057,1061,1063
1039
1015,1028,1030,1038,1063
1018,1038
1015
1003,1012,1015,1040
1023,1035
1056
1037
1021,1039,1061
1020,1062
1015
1035,1070
1016,1021,1023,1030
1063
1039,1061
1028
1008,1020,1038
1020,1034
1001,1044
1030,1044
1072
1015,1028,1034,1035,1038,1072
1001,1012,1025,1028,1044
1018,1021,1023,1030,1039,1040,1041
1021,1025,1030,1031,1037
1012,1031,1063
1001,1026,1028,1040,1056,1061
1013,1015,1018,1030,1035,1070
1015
1056
1020,1044
1015,1035,1082
1003,1012,1018,1021,1026,1035,1040
1071
1038,1077
1015,1023
1012,1013,1021,1025,1035,1072
1015
1015
1012,1028,1030,1037,1061
1010,1012,1030,1037,1039,1071,1077
1023
1040
1001,1012,1038,1062
1003,1015,1026,1030,1038,1040,1070
1013,1015,1023,1025,1026,1040,1062,1064
1030
1035
1012,1021,1023,1030
1003,1021,1023,1030,1037
1056
1037
1011,1063
1035,1041,1062,1070
1008,1070
1010,1011,1023,1035,1039,1041,1048,1064
1011,1037
1011
1021,1023
1001,1012,1044,1062,1084
1037
1023,1028
1037
1011,1015,1023,1025
1021,1025,1028,1034,1040
1030,1063
1015,1030,1040,1062
1039
1021,1035
1011,1028,1030,1038
1030,1072
1003,1026
1012
1030,1035
1011,1015,1021,1023,1025,1026,1070
1015,1018,1057
1023,1026
1001,1011,1020,1026,1028,1061,1062,1064
1018,1023,1025,1030,1034,1035,1040,1071,1072
1035,1048
1039
1070
1039
1015,1016,1018,1020,1025,1026,1035,1061
1011,1015,1044,1057,1062,1064
1016,1023,1026,1034,1038,1057
1035,1062
1023,1034,1039
1010,1015,1023,1057,1061
1063
1013,1015
1012,1021,1023,1028,1030,1037
1015,1040,1041
1015,1030,1040
1039
1072
1020,1023,1041,1048
1039
1037
1003,1025,1035,1040,1048,1084
1040,1062
1030,1061,1063
1034
1001,1012,1013,1034,1044
1015,1021,1044,1048,1056,1062
1035
1012
1023,1035,1044,1061
1015,1030,1040,1056
1030,1072
1015
1010
1015,1018,1023,1035,1057
1071
1012,1037,1044
1003,1011,1023,1028,1030,1037
1039
1037
1040,1070,1082
1037
1021,1040
1023
1037
1011,1015,1023,1040,1062
1030
1008
1015,1040,1041,1063
1034,1035
1015,1021
1012,1040,1044,1062,1064
1013,1037
1008,1013,1018,1023,1037,1056,1072
1030
1012,1039,1040,1070
1030,1034,1040,1044
1001,1026,1034,1070,1084
1044
1026
1015,1062
1072,1082
1015,1018,1020,1021,1026,1070,1077
1030
1030
1015
1013,1015,1021,1034,1035,1062
1021,1026
1015,1030,1038
1001,1003,1026,1035,1057
1015,1018,1023,1056
1015,1028
1023,1030,1070
1015,1063
1011
1010,1012,1015,1023,1026,1034,1035,1038
1021,1040,1056
1063
1015,1034,1056,1057
1082
1015,1025,1034,1041,1062
1063
1039
1018,1030,1057,1063
1015,1040
1056
1012,1016,1035,1041,1062
1072
1001,1016,1062
1057,1062
1012
1023
1023,1030
1040
1012,1015,1057
1023,1030
1030
1015,1021
1025,1028,1041,1056
1011,1015
1063
1056
1020,1031
1030,1037,1044
1015
1063
1010,1011,1020,1023,1035,1072
1030
1084
1013,1018,1020,1040,1044
1001,1015,1035,1040
1013,1023
1040,1077
1010,1063
1023,1035
1021,1056
1026
1035,1057,1084
1023,1056
1064
1063
1030
1013,1023
1040,1044
1026,1034,1063
1063
1012,1015,1018
1034,1039,1040,1056
1037
1015
1003,1013,1035
1015,1018,1025,1034,1035,1040
1015,1035
1039
1035,1041
1037
1015,1028,1030,1034,1035,1039,1063
1008,1011,1018
1018,1023,1029,1037,1070
1028,1035,1037,1040,1070
1035
1026,1028,1041
1003,1015,1035
1056,1082
1013,1015,1025,1028
1012,1013,1018,1030,1041,1077
1023
1062
1003,1026,1030,1034,1077
1018,1023,1034,1039,1044,1077
1021,1026
1030
1013,1023,1025,1030,1035,1039,1056
1012,1021
1001,1034,1044
1015,1026,1030,1070
1037,1039
1011,1012,1015,1034
1012,1035,1063,1064
1035
1003,1025,1034,1038,1044,1056
1012,1021,1030,1031,1037,1044
1015,1026,1030,1040
1012,1013,1021,1035,1040,1044
1063
1035
1035,1071
1018,1021,1034,1040
1015,1028
1015,1034,1056
1012,1021,1028,1037,1084
1023,1070
1015,1023,1030
1011,1015,1020,1023,1025,1026,1034,1035,1048
1030,1071,1077
1003,1023,1026,1038,1040
1034,1035,1040,1044
1011,1012,1021,1023,1030,1040
1030
1011,1023,1044,1084
1011,1013,1015
1030
1013,1040
1010,1031,1035,1070
1070
1012,1063
1021
1001,1012,1020,1026
1056
1040
1003,1021,1035
1020
1015,1023,1030,1035,1041,1062
1030
1008,1011,1015,1018,1026,1031,1044,1063,1070,1071
1015,1025,1026,1028,1034,1035,1044
1003,1018,1023,1026,1028,1034,1041
1015,1016,1028,1035,1040,1056,1062
1013,1035,1062
1018,1035,1061,1071
1012
1030
1038,1040,1057,1063
1028,1041,1048
1023,1057
1012,1030,1035
1063
1039
1015,1030,1034,1038,1064
1015,1018
1020,1026,1040
1003,1082
1012,1038,1070
1015,1021,1026
1034,1035,1056,1084
1030
1030,1070
1008,1015,1018,1035
1015,1023,1040
1015,1044
1037
1030
1026,1057
1028,1040,1057,1082
1012,1015,1016,1034,1040,1041,1044
1030,1037
1030
1015,1026
1003,1010,1025,1028,1034,1035,1041,1070,1084
1013,1016,1020
1015,1030,1034,1035,1062,1071
1011,1021
1010,1020,1034
1037,1057
1063
1012,1015,1030,1039,1056
1016
1012,1015,1030,1056
1008,1018,1021,1034,1035,1062,1072
1015,1016,1028,1035,1056,1057
1013,1015,1031,1061,1064
1064,1082
1028
1063
1021,1026,1030,1034,1040,1063,1072
1010,1015,1020,1035,1040,1044,1061,1070
1023,1025
1084
1015,1028
1028
1015
1015,1030,1031
1030,1031,1038,1041
1015,1018,1026,1035,1038,1057,1064
1048
1012,1039,1048
1003,1018,1028,1040,1062,1063
1008,1023,1030,1040,1056
1012,1037,1041,1084
1015
1037
1015,1023,1037
1012,1021,1023,1029,1035,1041,1056
1025,1038
1023
1003,1015,1021,1026,1028,1031
1003,1011,1015,1030,1037,1038,1040,1044
1026
1021,1029,1041
1026,1040
1035,1057
1011,1029,1030,1035,1048,1072,1084
1011,1015,1034
1015,1018,1023,1026,1040
1011,1013
1023,1070
1015,1034
1003,1008,1010,1012,1028,1030,1070
1011
1040
1015,1035
1018
1056,1061,1077
1038,1039
1071
1011
1062
1012,1039,1044,1082
1012,1021,1030,1056
1015,1035,1071
1012,1015,1018,1020,1034,1035,1039,1044,1062,1071
1011
1025,1030
1018
1012,1015,1018,1038
1015,1025,1064
1001,1012,1023,1030
1037
1037
1037
1030,1084
1001,1015,1031,1035,1044,1056
1010,1015,1063
1001
1037
1003
1003,1015,1023,1039,1072
1023,1039
1023,1044
1011,1018,1023,1056,1084
1037
1015,1035,1038
1012,1015,1041
1015,1021,1023,1038,1040,1044,1062
1037
1023,1026
1063
1012,1037
1012,1020,1034,1035,1044,1056,1057
1037
1030,1044
1038,1057
1016,1028,1044,1057
1015,1035,1038,1070
1015,1056
1021,1040
1039
1011,1040
1013,1015,1026,1031,1040,1044,1064
1011,1034,1039,1040
1023,1028,1030,1039,1063
1037
1021,1023,1026,1030,1035,1037
1023,1030,1040,1056
1015,1023,1035,1041,1057,1070
1030
1023
1030,1063
1056
1016,1025,1070
1012,1015,1035,1038,1071
1037
1037
1037
1011,1015,1026,1031,1034,1035,1040,1044,1062,1071
1011,1015,1030,1034,1071
1037,1072
1037
1030,1040
1013,1015,1020,1025,1035,1048,1056,1071,1072
1012
1008,1034,1035,1041
1001,1011,1026,1031
1013,1015,1031,1038
1011,1018,1030,1062,1064
1018
1015,1021,1025,1034,1062,1070
1001,1011,1015,1040,1062,1064
1015,1064,1070
1037
1037
1023
1035,1041
1012,1015,1021,1023,1040,1070
1023
1018,1023,1026,1030,1061,1070
1011,1015,1041,1057,1070
1015,1020,1023,1026,1034,1038,1040,1041,1062
1008,1023,1038,1040,1056,1072
1015,1039,1048
1044,1070
1011,1015,1040,1063
1070
1015,1041
1015,1020,1021,1023,1062
1037
1023,1064
1037
1012,1025,1035,1041,1056,1064,1071
1012,1070
1021,1023,1057
1034,1040
1015
1021,1039,1057
1035,1041,1056,1062
1011,1035,1037,1040
1003,1030,1040,1048
1037,1040
1015,1026
1011,1028,1035,1070
1063
1015,1035
1018,1072
1039
1038,1044,1070
1015,1020,1021,1023,1035,1040,1056
1015,1018,1040,1062
1026,1030,1034,1040,1084
1023,1062
1037
1015,1044,1062,1063,1064
1015,1026,1028,1048,1062,1063,1070,1082
1011,1028,1030,1035
1011,1016,1023,1030,1039,1044,1062
1011
1018,1020,1025,1034,1035,1040,1061,1062,1077
1023,1038,1040,1063
1021,1030
1038,1063,1064
1011,1015,1026,1028,1056
1015,1023,1056
1015,1016,1040,1044
1015,1023
1015,1048,1071
1035
1013,1028,1062
1012,1013,1030,1035
1001,1015,1016,1035,1040,1044
1064
1012,1015,1016,1025,1026,1040,1063
1034,1064
1030,1063
1011,1063
1030,1063
1016,1023,1025,1035,1057,1064
1057
1001,1010,1018,1028,1031,1034,1035,1044,1084
1015,1035,1041
1015,1035,1040,1056,1072,1077
1008,1012,1015,1020,1026,1035,1062
1034
1023
1001,1035
1035,1040,1064
1020,1030,1034,1040,1063
1011,1015,1034,1056
1011,1035
1038,1039,1063
1011,1015,1038,1040,1056,1057
1012,1023,1025,1030,1048,1070,1084
1011,1016,1020,1026,1035,1040,1062
1040
1037
1023,1028
1044
1015,1035,1038
1003,1011,1015,1026,1034,1035,1040,1062,1070
1018,1035,1044
1001,1020,1023,1025,1026,1028,1035
1015,1020,1023,1026,1031,1041,1062,1072
1064
1021,1031,1070
1015,1023
1015,1020,1026,1035,1041,1061,1062,1064
1030,1056,1057
1018,1025,1026,1034,1038
1023,1037
1011,1037
1023,1030,1082
1018,1023
1021,1037
1013,1015,1025,1038,1063
1012,1015,1020,1025,1061,1072,1084
1011,1040
1013,1015,1021,1030,1040,1041,1044,1063
1015
1001,1056
1057
1018,1037,1038
1028,1037
1012,1021,1023,1025,1028,1030
1056,1082
1021,1023,1030,1062
1010,1015,1023,1026,1035
1013,1030,1057
1015,1016,1020,1031,1035,1071
1001,1023,1025,1030
1016,1028,1039,1062,1064
1011,1012,1030,1037,1057,1077
1008,1013,1039
1003
1044,1062,1077,1084
1015,1020,1021,1030,1034
1023,1025,1040
1011,1015,1040,1056,1062
1035
1015,1030,1040,1057,1061
1011
1028,1040
1015,1025,1041,1082
1020,1026,1029,1035,1040,1072
1001,1035,1062
1037
1037
1031,1034
1010,1015,1028,1056
1012,1015,1023,1030,1037
1035,1063
1001,1015,1035,1062
1015,1016,1030,1035,1057,1062,1064,1084
1011,1020,1035,1064
1028,1030,1035,1044
1037
1015,1023,1040
1039,1040
1001,1011,1018,1030,1034,1040,1063,1071,1084
1015,1040
1041
1016,1040
1001,1015,1023,1031,1034,1035
1015,1020,1021,1023,1028,1030,1035,1038,1040,1056,1072
1015,1023
1015
1023
1010,1011,1015,1056,1057,1062
1015,1020,1062
1001,1010,1015,1035,1038,1062
1001,1015,1020,1026,1034
1015
1020,1035,1057,1064,1072
1001,1012,1018,1035,1040
1025,1031,1035,1044,1062
1001,1026,1035
1012,1021,1035,1057,1062,1064,1084
1015,1023,1026,1035
1012,1023,1035,1082
1003,1018,1030,1048
1023,1025,1028,1031,1077
1013,1037
1037,1039,1040
1030
1023,1025,1035,1040,1070
1018,1023
1016,1023
1031,1035,1038
1013,1020,1034,1035,1044,1048,1057
1030
1021,1023,1040,1070
1013,1015,1020,1056
1011
1012
1015,1035,1048,1062
1015,1016,1025,1035,1044
1021,1023,1030,1034,1035
1008,1015,1030,1041,1072
1015,1035,1040
1012
1015,1016,1057
1030,1057
1035,1048,1064
1015,1063
1030
1037
1029,1030,1062,1063,1064,1071
1015,1025,1031,1035,1040,1071
1035
1015,1026,1031,1035,1041,1070,1071
1011,1015,1056,1062
1030,1037,1044,1056,1063,1072
1011,1015,1020,1021,1026,1031,1034,1057,1062
1010,1011,1030,1035,1040,1063
1057
1011,1015,1018,1028,1070
1012,1015,1020,1035,1040,1057,1061
1003,1011,1012,1023,1061
1035,1038,1041,1063
1012,1023,1028,1030,1040
1028
1015,1028,1039,1040,1056,1061
1013,1015,1016,1023,1062
1048
1012,1030,1040,1084
1001,1011,1016,1021,1025,1035,1040,1062
1030,1070
1023,1035,1063
1018,1030,1035
1011,1037,1070
1001,1008,1015,1020,1023,1026,1062
1048
1013,1015,1041
1012
1001,1008,1038,1039,1062,1072
1001,1020,1035,1040,1062,1072
1020,1026,1030,1040
1063
1082
1015,1026,1035
1012,1015,1057,1062,1084
1015
1015,1020,1026,1034,1035,1044,1062,1064
1010,1012,1021,1023,1034,1038,1040,1063
1012,1015,1020,1035,1062
1013,1020,1025,1035,1056,1064
1030
1015,1023,1030,1031,1040,1056,1062,1077
1015,1018,1021,1061
1011,1030,1037,1039,1070
1001,1003,1015,1021,1028,1038,1044,1056,1082
1023,1026
1012,1015,1020,1035,1040,1044,1056,1062
1001,1015,1020,1026,1035,1040,1056,1063
1003,1008,1015,1023,1039,1056
1018,1035,1040,1056,1071
1001,1013,1015,1016,1026,1035,1040,1061
1023
1020,1028,1035,1037,1040,1048
1015,1021,1026,1062
1037
1026
1016,1023,1035,1040,1048,1070
1012,1048
1015,1031,1070
1015,1025,1030,1044
1011
1011,1015,1030
1023,1037
1015,1020,1023,1026,1035,1072
1021,1040
1037
1012,1013,1015,1029,1030,1034,1035,1041,1061,1062,1071
1030
1008,1038
1015
1026,1037,1040,1061
1023,1030
1023,1063,1070
1037
1030
1011,1015,1023
1015,1016,1018,1021,1026,1035,1039,1063,1071,1082
1013,1057
1020,1026,1031,1038,1044,1056,1057,1062,1084
1025,1064
1035,1061
1020
1015,1028,1035,1038,1040,1048,1057,1063
1001,1026,1029,1030,1031
1021
1001,1018,1035,1056
1035
1008,1082
1013,1021,1062
1025,1040,1044,1056
1040
1011,1035
1001,1015,1020,1023,1025,1026,1029,1030,1034,1038,1040,1070
1003,1030,1035,1040
1015,1026,1044,1056,1071
1015,1018,1021,1023,1035,1037,1040,1057,1062
1026,1035,1064
1035
1001,1021,1035
1003,1015,1030,1034,1035,1037,1040
1011,1034
1011,1023,1034,1056
1037
1011,1039,1041
1030,1040
1015,1026,1063
1012,1013,1016,1035,1041,1044
1008,1012,1023,1071,1072
1015,1020,1030,1040,1056,1082
1029,1035,1048
1030,1077
1008,1020,1061
1021,1035
1035
1001,1013,1015,1018,1021,1028,1029,1034,1062,1063,1064
1012,1015,1035,1062,1070
1012,1015,1030,1031
1013,1016,1025,1030,1035,1064,1070
1012,1040,1084
1016,1030
1018,1044
1034,1056,1062
1001,1015,1021
1013,1030,1035,1063
1012,1035,1062
1030
1030,1038
1025,1026,1031,1035,1038,1041,1044,1062,1064
1056,1070
1012,1070
1012,1037
1001,1013,1016,1020,1025,1026,1030,1057
1026,1034,1040,1041,1057
1015
1015,1023,1034
1013,1018,1026,1034,1057
1035,1062,1082
1001,1030,1039
1044
1026,1030,1040,1044,1061
1011,1072
1039,1084
1001,1008,1011,1013,1029,1044,1070,1072
1013,1056,1071,1082
1056,1071
1023
1013,1028
1013,1029,1034,1044
1056
1015,1016,1070
1026
1012
1030
1035,1057,1062,1070
1012,1023,1030,1039,1040
1012,1041
1003,1012,1021,1023,1025,1030,1031,1035,1070,1082
1021,1023,1026
1040
1011,1015,1021,1028,1034,1035,1062,1064
1071
1010,1012,1015,1037
1010,1015,1026,1030,1034,1040,1061
1015
1030,1040
1015,1028,1035
1030,1063
1025,1035
1010,1056,1070
1063
1013,1040,1056,1077
1015,1041,1061
1070
1034
1037,1039
1035
1056,1062,1063
1030,1034,1037
1023
1030,1070
1018
1021,1026,1028,1030,1062,1077
1012,1035
1015,1070
1015,1035,1062
1013
1037
1026,1034,1035
1001,1026,1035,1038,1041
1082
1077
1012,1038,1063
1035,1056
1011,1034,1035
1026,1034,1035
1082
1010,1013,1015,1020,1021,1025,1026,1030,1034
1039,1072,1077
1031,1034,1035,1070
1013,1015,1063
1028,1035
1011,1020,1026,1031,1034,1035,1038,1040,1041,1062
1037
1064
1012,1015,1048
1003,1015
1001,1012,1026,1064,1070,1077
1013,1026,1035
1001,1023,1035,1084
1018,1021,1023,1035
1021,1023,1026
1011,1057
1018,1026,1029,1035,1038
1035
1031,1035
1010,1011,1013,1015,1021,1025,1028,1044,1056,1057
1021
1012,1028,1030,1084
1015,1040
1039,1061
1003,1012,1030,1056
1030,1040
1015,1020,1030,1041
1035,1040
1003,1008
1030,1037,1057,1064
1015,1023,1030,1037,1040,1062,1064,1070
1030
1012,1063
1020,1062
1015,1023,1026,1030,1034,1044,1077
1015,1016,1023,1030,1035,1038,1040,1062
1030,1039
1040,1062
1010,1018,1026,1034,1084
1015,1063
1030,1040
1026,1034,1056
1001,1040
1063
1003,1013,1018,1030,1031,1034,1035
1001,1012,1015,1026,1028,1034,1048,1061
1003,1015,1021,1023,1048,1082
1008,1012,1034,1035,1056,1070,1072
1031
1023,1026,1034
1034,1035
1008,1015,1020,1070,1071
1041
1023
1034,1035,1077
1028
1030
1015,1021,1025
1015,1020,1023,1035,1040,1061,1062
1015
1008,1013,1015,1016,1021,1023,1048
1010,1018,1035,1038,1041,1063
1015
1035
1018,1028
1020
1035,1061
1011,1015,1023,1034,1056,1057
1015,1040
1015,1020,1031,1062
1001,1026,1035,1039,1057
1023
1001,1015,1034,1056
1015,1021
1070
1008,1040
1011,1012,1028,1030,1070
1015,1028,1035,1061
1034
1013,1030,1062,1064
1012,1030,1038
1030
1030,1040,1057,1063
1012,1023,1040
1056,1061,1071
1015,1072
1077
1020,1028,1031,1035,1041,1057,1071
1011,1025,1028,1044,1072
1084
1071
1015
1037
1011
1023,1041,1077
1015,1034,1040,1056,1062
1012,1018,1026,1038
1015,1028,1034,1041
1015,1026
1037
1063
1001,1011
1001,1010,1012,1015,1026,1040,1048
1013,1041,1077
1016
1015,1030,1034
1001,1012,1023,1026,1063
1018,1021,1026,1028,1031,1035
1010,1016,1020
