1001,85123A,2313
1533,22423,2203
1141,85099B,2159
2647,47566,1727
1067,20725,1639
1010,84879,1502
3612,22720,1477
1171,22197,1476
1070,21212,1385
1295,20727,1350
1293,22383,1348
1127,22457,1280
4432,23203,1267
1046,POST,1256
1060,22386,1251
1128,22469,1239
1022,22960,1229
1077,21931,1214
1047,22086,1210
1082,22411,1202
1294,20728,1197
1265,22382,1192
1079,22961,1182
1713,22666,1180
4423,23298,1179
1622,22699,1138
1267,22384,1137
4434,23209,1135
1055,82482,1129
4109,22993,1111
1028,22727,1107
1627,22697,1085
4325,23206,1084
1307,22178,1072
1989,20724,1068
4453,23084,1067
1266,20726,1061
1029,22726,1026
1173,21080,1015
4324,23199,1009
1080,22139,993
1374,22077,986
3391,22138,974
1383,21034,967
1129,22470,963
1061,85099C,960
1965,84946,946
1406,21790,944
1056,82494L,943
1297,20914,937
4487,23301,937
4322,23201,930
1036,22629,924
4547,23245,919
1764,22355,912
1214,21232,904
1072,21977,896
4431,23202,896
1218,22112,889
1078,21929,885
2094,21181,882
1364,22630,881
1643,20712,878
1040,21731,874
3611,22722,872
1073,84991,871
1988,20719,858
1169,22910,850
1360,85099F,842
3405,22698,830
1093,21175,826
1775,21928,823
4763,23355,813
1808,22090,812
1027,22728,810
1018,21754,806
1220,22111,798
1201,22558,792
4323,23207,780
4488,23300,780
1832,22356,777
1059,21733,773
2924,84978,767
1035,22326,764
1115,22379,760
1037,22659,750
1092,21166,746
4382,23284,746
1063,20723,742
1639,22624,741
4607,23344,739
1268,22467,731
1428,22554,729
1593,21930,720
1953,DOT,710
1608,22907,709
1287,84380,707
1311,20685,707
1139,22662,706
2432,22385,702
1288,84378,700
1123,82484,698
1427,22551,697
1706,22966,693
4327,23208,692
1199,22865,689
1202,85152,688
1355,20713,684
1142,79321,683
1217,22835,679
1290,21213,678
1301,21915,677
1058,22114,660
4533,23307,659
4560,23321,657
1019,21755,656
1151,22969,655
1177,21485,655
1395,22952,653
1908,82583,651
1292,84992,650
1071,21975,641
1242,82580,641
1124,84755,640
1398,22909,640
1054,82486,637
1605,20972,633
1757,48138,627
2614,22621,625
1096,22083,619
1033,21791,617
1302,21914,615
1362,22328,611
4430,23200,609
1021,48187,608
1190,21889,607
1053,82483,603
1689,84692,603
1312,48194,599
1068,21559,598
1442,22113,595
1206,22730,594
4326,23204,594
4569,23322,594
1186,22553,593
1180,22556,591
1198,22866,590
1185,22557,589
2171,20718,586
1205,21314,585
1723,21843,585
1609,22776,578
1638,22625,578
1208,22867,576
1417,22367,573
1407,22149,572
2116,M,571
4542,23240,567
4676,23293,567
1041,22900,564
1378,22144,563
1314,22219,561
1508,22577,558
4116,22998,557
1716,82600,556
2581,85066,555
1466,84836,552
2009,21174,550
1168,84970S,546
2749,21936,546
2016,21231,543
2368,84077,542
3151,84596B,541
1998,20971,538
1132,22189,536
2126,22578,536
1291,22417,535
1691,22555,534
1776,20711,534
1224,22766,533
1305,84375,533
1066,21094,532
1792,21935,532
1414,22616,531
2366,22029,531
1133,22427,529
2542,15036,524
1219,21479,519
1008,22633,516
1966,84988,515
1446,21481,513
2645,22456,511
1636,22173,509
4545,23243,509
1403,22147,507
1111,21523,506
2532,21155,506
4631,23198,503
4760,23356,502
4575,23343,501
1712,22667,500
1069,22352,498
1325,22620,498
1263,22804,496
1534,21621,495
2412,21430,494
4530,23263,492
1331,22568,490
1164,22196,489
1740,21524,489
1239,85150,486
1194,22502,484
2354,22617,484
2358,21172,484
1187,22150,483
1116,22381,482
1602,84997D,481
4321,23205,480
1203,22652,479
1411,22595,478
2213,21908,478
2790,35970,477
1323,84347,475
1004,84029G,474
1207,22729,474
1600,22501,474
1135,22424,473
1377,22141,473
1160,22193,472
1091,21169,470
1013,22749,469
1105,15056N,467
2361,22507,464
1319,21210,463
1454,21154,463
1308,84970L,460
2008,21165,460
4677,23295,460
1986,20676,459
1086,22771,458
1420,22951,458
2096,21668,458
4451,23170,458
2216,22084,457
2774,21932,457
1188,22619,455
1136,22663,454
1499,21992,454
2137,22725,453
1005,84029E,452
1189,21891,452
1897,71459,452
2247,22692,452
2999,84596F,452
4162,23182,452
1012,22748,451
2389,21669,451
1696,22489,450
1695,22561,449
2014,21216,449
1551,22983,447
1666,22487,447
1862,22734,447
1894,47591D,446
2280,82582,446
1371,22759,444
1393,22988,443
1162,22191,441
1174,21086,439
4448,23173,438
1011,22745,436
4531,23309,435
1496,21985,434
1798,21993,433
4852,23493,433
1520,22082,429
1872,22844,429
1413,22750,428
1313,22488,427
2652,21558,427
1084,21672,426
1039,22661,425
2775,21933,425
4663,23319,425
4768,23439,425
1437,21892,424
1184,21484,423
1228,85049E,423
1245,22413,422
4123,22996,422
1361,20717,420
1447,22585,420
1405,22694,419
2067,22212,418
4748,23328,418
1756,48184,416
1009,22632,415
4673,23313,415
1090,21934,413
1318,22371,413
2239,22499,412
1038,22631,411
1244,82581,411
1873,22847,409
1969,21218,409
1419,21976,408
1106,22646,406
1754,22171,406
1034,21035,403
1384,22570,403
1631,22429,403
2274,47590B,402
1113,21912,401
2017,21238,400
4164,22979,395
1264,20749,394
2273,47590A,394
4535,23308,394
1459,22142,393
4460,23108,393
1483,21121,392
4242,21770,392
1289,22964,391
1394,20750,391
1856,22560,391
4653,23318,391
1045,22492,390
1816,22169,390
2065,21670,390
1006,22752,389
1275,22297,389
1789,21888,389
2690,22908,389
4674,23296,389
2199,21671,388
4450,23171,388
1421,22834,386
2390,21673,386
4470,23103,386
1528,21137,385
2141,21136,383
4067,22989,383
1163,22195,382
1665,22627,382
4301,23256,382
2573,21900,380
2271,47566B,379
4551,23241,379
1999,20975,378
2365,21918,378
1064,84997B,377
1796,21990,376
2077,22795,376
1633,20973,375
1050,21871,374
1161,22192,373
1246,21907,373
1213,48185,372
1640,84945,372
1699,21982,372
1714,22665,372
2258,22898,372
1125,22464,371
1484,82552,371
1557,84947,371
1632,20974,370
2336,21877,370
2841,21535,370
1463,21156,369
1529,22041,369
2385,22027,369
4675,23294,369
1422,21916,367
2214,21974,367
4120,22992,367
1165,22962,366
1657,22607,366
1831,22348,364
4740,23351,364
1226,22549,363
1249,22851,363
1449,22645,363
1814,22161,363
1741,22791,362
1102,21533,361
4476,23168,361
1385,22569,359
1799,22037,359
4445,23192,359
1089,22637,358
1248,21122,358
1907,82551,357
2142,71477,356
4549,23236,356
1002,71053,355
1158,85014B,355
1352,21326,355
2104,22579,355
4988,23581,355
1229,21328,353
4477,23169,353
2015,21217,352
2245,22668,351
4683,23311,351
4737,23349,350
4239,23077,348
4844,23503,347
1178,84030E,346
1538,22087,346
1956,84536A,346
4660,23320,346
1176,22654,345
1530,20979,345
1566,22151,345
2625,21876,345
4446,23175,345
4529,23275,345
1369,22273,344
2298,85053,344
2393,22431,343
4564,23266,343
2457,21989,342
4447,23174,342
4589,23188,342
2461,20677,340
1065,84997C,339
1370,22940,339
1683,21498,339
2668,84987,339
4987,23583,339
1555,22784,338
4730,23353,337
2248,22746,335
4731,23354,335
1513,22333,334
2587,21240,334
2878,22079,334
1155,22941,333
1296,22296,333
1137,85049A,332
1179,22174,331
2028,21385,331
1048,20679,330
1310,84949,329
3688,22970,328
1197,21506,327
1306,22418,327
1396,22739,327
1970,22845,327
2453,20675,327
1104,15056BL,326
2613,22158,324
1166,22963,322
1435,21494,322
2208,21868,322
2475,22505,322
1416,22899,320
1550,22712,320
2520,21901,320
4553,23247,320
2672,21078,319
4563,23265,319
1914,84032A,318
4562,23264,318
1462,22294,317
4738,23350,316
4300,23254,315
4449,23172,315
2454,21239,313
4466,23082,313
4638,23196,312
1367,21242,311
1380,22271,311
1997,20969,311
1243,82578,310
1597,20754,310
4640,23323,309
1062,21033,308
1341,22109,307
1858,22605,307
3230,22693,307
1363,22327,306
1477,22670,306
1761,21429,306
3610,22723,305
1451,22508,304
1707,21874,304
2037,21703,304
4170,23126,304
4478,23165,304
1183,21980,303
1624,22227,303
1752,72741,303
2418,22131,303
4108,22980,303
4743,23332,302
1131,21340,301
3627,22721,300
1390,22179,299
1320,16237,298
1837,22380,297
1003,84406B,296
1481,21259,296
1836,22378,296
2086,22846,296
1382,22751,295
1892,47559B,295
2410,22896,295
4444,23191,295
1083,82567,294
1262,20992,294
2349,21380,294
2221,22208,293
3012,22690,293
4543,23238,293
4979,23570,293
1554,22895,292
2884,22563,292
1523,21329,291
1896,48188,291
1221,22110,290
2211,21899,290
2981,22817,290
4846,23367,290
1316,22716,289
2403,22840,289
1235,22768,287
1843,22432,287
2182,21164,287
2414,20983,287
4119,22991,287
4594,23234,286
1026,21756,285
1117,22798,285
1923,85048,285
4114,23000,285
4462,23110,285
4534,23306,285
1101,22644,283
1397,22738,283
2243,22602,283
1840,22419,282
1159,85014A,280
4240,23076,280
1586,22904,279
1834,22361,279
3692,22971,279
4189,23052,279
2143,22030,278
4165,23177,278
4364,23144,278
4456,23118,278
4469,23109,278
1283,85049G,277
1674,21179,277
1700,21981,277
1252,22435,276
1381,22274,276
1813,22156,276
2580,22089,276
1614,21098,275
1751,85199S,275
1100,84832,274
2135,21509,274
3997,22596,274
3651,22303,273
4122,22995,273
1017,22622,272
4362,23147,272
1610,21810,271
1869,22816,271
4461,23080,271
1271,21108,270
1482,21257,270
1573,22754,270
1681,22819,270
1825,22301,270
2150,20978,270
2401,22170,270
4193,23184,270
1493,22737,269
1646,22815,269
2402,21428,269
4986,23582,269
4981,23571,268
1429,22534,267
1710,84050,267
2388,22028,267
4464,23100,267
1215,22064,266
1300,20982,266
1532,22571,266
1606,21041,266
2329,20970,266
1572,22906,265
1801,22065,265
2031,21507,265
1276,22772,264
2595,21531,264
4363,23148,264
4892,23534,264
2140,84997A,263
1432,84032B,262
1443,22358,262
2831,21937,262
4744,23329,262
1343,21811,261
1497,22295,261
2544,21539,261
4471,23112,261
4593,23229,261
1356,21116,260
3913,23231,260
3953,23166,260
4253,23158,260
4241,23078,259
4637,23197,259
2407,22796,258
2815,22398,258
1415,22775,257
1524,21327,256
1571,22653,256
1864,22755,256
2000,20981,256
4347,23146,256
4595,23012,256
1402,22580,253
1718,22494,253
4486,23083,253
1779,21787,252
2038,21704,252
4249,23154,252
1888,35961,251
2900,84596G,251
4124,22978,251
4126,23005,251
1576,22920,250
1659,22634,250
1680,21519,250
2494,20828,250
2598,16161P,250
4747,23333,250
1500,21124,249
1575,22917,249
1870,22818,249
1574,22919,248
2167,20682,248
2369,84792,248
1147,21411,247
1233,84510A,247
1440,21716,247
1578,22918,247
1585,22241,247
1895,47593B,247
4474,23167,247
1579,22916,246
1735,22781,246
3946,23232,246
4559,23310,246
1744,22088,245
1973,17003,245
4829,23389,245
1438,21890,244
2083,51014A,244
2133,22965,244
1016,22623,243
3050,22329,243
1372,21880,242
1679,21658,242
4785,23393,242
1330,22972,241
1667,22360,241
2127,22855,241
4489,23302,241
4858,23368,241
4789,23399,240
1431,22530,239
1701,21967,239
3919,23230,239
4168,23176,239
1715,22567,238
2085,48111,238
1175,21786,237
1734,22801,237
1863,22741,237
2303,85227,237
1697,22814,236
1882,35471D,236
4383,23283,236
4480,23089,236
1234,22767,235
1828,22335,235
1860,22669,235
4125,22997,235
3519,22055,234
4248,23159,234
1232,84509A,233
1254,20963,233
2249,22747,233
2567,21714,233
1255,20961,232
1324,22736,232
1439,21718,232
1441,21715,232
1685,21497,232
2392,22433,232
2426,21381,232
2433,22374,232
4121,22999,232
4745,23330,232
1260,21592,231
1281,85049C,231
1844,22437,231
2617,21878,231
2695,75049L,231
3174,21746,231
4111,23004,231
1445,22115,230
2052,21917,230
2244,22649,230
4584,23292,230
2001,20996,229
4167,23194,229
1247,22441,228
1703,22614,228
1767,22493,228
2495,21623,228
4606,23013,228
1805,22076,227
4115,22994,227
1321,22714,226
1749,22574,226
2020,21313,226
2084,22366,226
2568,20751,226
4552,23242,226
4782,23395,226
1621,22943,225
4571,23286,225
1540,22713,224
2253,22841,224
2396,22672,224
2917,21090,224
4932,23382,224
1507,22573,223
2381,22491,223
3933,22957,223
4458,23091,223
4787,23397,223
4965,23480,223
1170,20668,222
1660,22222,222
1855,22550,222
2422,21390,222
2766,47504K,221
4847,23504,221
4891,23535,221
2072,22753,220
2548,21499,220
4688,23312,220
1181,21984,219
2203,21745,219
2391,22460,219
4479,23101,219
4600,23032,219
4879,23494,219
1304,22813,218
1315,22610,218
2045,22892,218
2257,22897,218
2519,21902,218
1552,22024,217
2139,22421,217
2449,21561,217
2451,85132C,217
2498,22426,217
2566,22562,217
3685,22302,217
4517,23215,217
4587,23290,217
1577,22921,216
1629,22548,216
1651,22974,216
4596,23014,216
4739,23352,216
1145,22466,215
2547,21508,215
4169,22982,215
1015,84969,214
1119,22839,214
1705,22094,214
4250,23156,214
1251,22809,213
1797,21991,213
1820,22207,213
2395,22676,213
2541,21500,213
2569,22636,213
1368,21243,212
1558,22485,212
1842,22430,212
2480,22045,212
1653,22743,211
1791,21922,211
4381,23163,211
4518,23210,211
4803,23426,211
1241,48129,210
1339,21955,210
1637,22626,210
1733,22800,210
1868,22792,210
1309,22465,209
1516,22956,209
1841,22422,209
1990,20733,209
2400,20674,209
3084,22377,209
4781,23396,209
1747,22601,208
2527,22439,207
1114,21832,206
1118,22926,206
1351,22075,206
2091,37446,206
2138,37448,206
2300,85131D,206
2863,20829,206
3360,48116,206
4188,23050,206
1824,22300,205
4112,23002,205
4443,23190,205
1658,22635,204
2202,21700,204
4588,23287,204
1167,22968,203
1342,22531,203
1410,22593,203
2003,21012,203
2215,22078,203
2657,22628,203
3251,22211,203
4982,23569,203
4997,23497,203
1052,21068,202
1354,22074,202
1366,21244,202
1782,21803,202
4826,23434,202
1648,22584,201
2408,22733,201
1278,22805,200
1464,10133,200
1652,21452,200
1748,22600,200
4171,23127,200
4585,23291,200
1322,22812,199
1434,22807,199
4845,23366,199
1409,22594,198
4520,23212,198
4597,23035,198
1335,21866,197
1392,85184C,197
1662,22187,197
1277,22773,196
2061,46000S,196
3088,22677,196
4586,23289,196
1274,22837,195
1525,48173C,195
2427,22210,195
2456,21988,195
4548,23239,195
1531,20977,194
3770,22148,194
1670,22120,193
2058,22597,193
2374,22564,193
2935,22674,193
3339,22930,193
4573,23285,193
1436,22938,192
1444,22357,192
1456,22059,192
1480,22925,192
3107,72351B,192
4848,23371,192
1204,22188,191
1412,21986,191
4574,23288,191
1149,22915,190
2646,22891,190
2758,22732,190
4556,22950,190
1195,22338,189
1329,22975,189
1635,21135,189
2291,84828,189
4708,23346,189
1433,85049H,188
1564,22107,188
1778,21774,188
2128,21864,188
4185,23049,188
4207,23007,188
4218,23348,188
4555,23237,188
4776,23378,188
2105,22572,187
4166,23193,187
1222,22098,186
1668,22364,186
2074,22794,186
2078,22278,186
4404,23130,186
1057,21258,185
2103,22581,185
2229,22331,185
2747,21829,185
3864,21084,185
1120,22838,184
1502,22945,184
1781,21802,184
2360,22365,184
2748,21903,184
4795,23404,184
1051,21071,183
2256,22890,183
2485,20984,183
1561,22588,182
2081,51014C,182
1866,22758,181
1957,84536B,181
2095,21818,181
2777,22072,181
4709,23345,181
1044,22544,180
1810,22135,180
1890,37449,180
2007,21158,180
2109,22576,180
2158,10135,180
2212,21906,180
1509,22603,179
2428,22209,179
3318,85040A,179
4076,22990,179
4110,23006,179
1495,22744,178
2435,85061W,178
2455,21987,178
1537,21577,177
1682,22704,177
1717,22842,177
1097,84971S,176
1303,21544,176
2425,21383,176
4384,23162,176
1298,22537,175
1711,22315,175
2155,21620,175
2531,22175,175
3636,47503A,175
4853,23365,175
1049,37370,174
1672,21625,174
2683,22483,174
2852,85034C,174
2998,84596L,174
4267,23157,174
1250,22810,173
1719,22740,173
1835,22375,173
1930,85176,173
2217,22091,173
2415,21527,173
3110,85039B,173
4497,23129,173
1768,21833,172
1811,22154,172
1861,22675,172
1927,85131B,172
2386,22718,172
4370,23145,172
1641,22244,171
1709,21870,171
4828,23390,171
1196,22180,170
1494,21260,170
1539,22651,170
1903,72807C,170
2068,22678,170
2236,22425,170
2441,16235,170
2486,22436,170
2972,22199,170
3096,21534,170
1211,21844,169
2737,21224,169
2742,21619,169
1109,22778,168
1130,22224,168
1603,47599A,168
1728,72817,168
1738,21471,168
1958,84580,168
2496,16156S,168
2955,22093,168
3342,22937,168
3831,22268,168
1601,22854,167
1912,84031A,167
2069,22686,167
2953,22859,167
3029,21713,167
4678,23297,167
1153,21115,166
1418,22942,166
1423,22587,166
1673,22097,166
1675,22185,166
2059,21495,166
4186,23053,166
4359,23152,166
4602,23031,166
4643,23342,166
1333,22664,165
1570,22099,165
1865,22757,165
1922,85039A,165
1961,84912B,165
2242,22586,165
3004,22984,165
3137,21162,165
4523,23211,165
4603,23029,165
4967,23489,165
1721,22680,164
1777,21773,164
1809,22134,164
2130,85174,164
3003,85062,164
4190,23051,164
1103,21557,163
1806,22080,163
1920,85017B,163
2372,22440,163
3060,84078A,163
2241,22536,162
2594,22061,162
2626,22167,162
3253,22026,162
4316,23255,162
4465,23102,162
1871,22822,161
2778,21905,161
3238,22679,161
4775,23376,161
1025,22914,160
1144,22779,160
1460,21591,160
1514,21584,160
1591,21123,160
2088,22400,160
3937,23233,160
4442,23280,160
1955,84535B,159
2032,21563,159
2120,22696,159
2334,20665,159
2685,22609,159
2694,72351A,159
2864,21947,159
4851,23370,159
1479,22927,158
2087,22402,158
2223,22283,158
2952,22231,158
4357,23132,158
1704,22095,157
3127,22606,157
3713,22249,157
4519,23213,157
4831,23388,157
1182,21983,156
1424,22566,156
2359,72760B,156
2484,22986,156
2521,21948,156
4361,23133,156
4849,23506,156
1212,22468,155
1518,85231B,155
2654,22132,155
4472,23111,155
4491,23090,155
4783,23394,155
1400,22186,154
2172,20752,154
2209,21875,154
2370,85175,154
2459,22332,154
4514,23221,154
4612,23119,154
4860,23372,154
4893,23541,154
1812,22155,153
2082,51014L,153
2190,21356,153
2628,22412,153
4706,16169E,153
4725,23340,153
1545,22372,152
1859,22639,152
2192,21447,152
2610,22689,152
4251,23155,152
1644,22973,151
1727,22311,151
1879,22976,151
2267,37450,151
3242,22498,151
1042,21913,150
1425,22565,150
1560,20707,150
2129,15056P,150
2677,22250,150
4422,23299,150
1256,22068,149
2073,79066K,149
2132,85038,149
2384,22023,149
2429,21872,149
2463,22893,149
2546,22452,149
2780,22116,149
2923,15039,149
3510,22228,149
1450,22650,148
1803,22069,148
1819,22203,148
2219,22165,148
2750,22959,148
3052,22613,148
3062,84568,148
4457,23096,148
4568,23252,148
1216,22449,147
1877,22948,147
1913,84031B,147
1932,85178,147
2115,22946,147
1085,22774,146
1088,22262,146
1326,21705,146
2272,47567B,146
2281,82599,146
2866,22671,146
3263,22608,146
3781,22066,146
4468,23093,146
4898,23526,146
1148,22318,145
1515,22731,145
1549,46000M,145
1795,21949,145
1917,85015,145
2177,21015,145
4492,23092,145
1236,21463,144
1774,C2,144
2605,21114,144
2833,22362,144
3264,22789,144
3467,85032C,144
4175,23128,144
2488,21470,143
2678,22251,143
2763,22035,143
2992,22475,143
2997,20985,143
3386,21749,143
3932,22967,143
4452,23081,143
4601,23028,143
4735,23189,143
1143,22780,142
1465,72800E,142
1661,22947,142
2627,22200,142
2966,15034,142
2995,21616,142
3553,22858,142
1007,21730,141
1359,22153,141
1501,22735,141
1694,22539,141
1725,22121,141
1807,22081,141
1848,22478,141
2535,22821,141
4777,23551,141
1272,22848,140
1386,22902,140
1583,22955,140
2029,21407,140
2204,21775,140
2356,21042,140
2933,21650,140
3102,22322,140
3411,21615,140
3523,21454,140
4615,23122,140
1527,22312,139
1582,21588,139
1916,84279P,139
2466,22849,139
3087,22523,139
3254,37340,139
4210,23008,139
4340,23068,139
4784,23407,139
4802,23403,139
1656,22445,138
2036,21679,138
2180,21110,138
2260,22977,138
2341,85035C,138
2419,21163,138
2424,22284,138
3187,22535,138
3803,21394,138
4788,23377,138
1146,21363,137
1376,22243,137
1827,22314,137
2075,22592,137
2971,22843,137
3093,21389,137
3173,22681,137
4441,23282,137
4794,23424,137
1348,16238,136
1972,16236,136
2333,22446,136
2940,35953,136
2980,21819,136
3053,35648,136
3466,85032A,136
4746,23334,136
1200,22349,135
1547,21894,135
1839,22396,135
2246,22673,135
2516,22474,135
2982,16161U,135
3629,22522,135
4532,23270,135
1031,21883,134
1350,21867,134
1408,22321,134
2013,21207,134
2136,22025,134
2533,15060B,134
2562,21578,134
2615,79000,134
3082,22279,134
3551,85032B,134
4732,23374,134
5024,23681,134
1076,85071B,133
2644,22133,133
2712,85203,133
3365,22063,133
4867,23508,133
1258,21744,132
1620,22481,132
2191,21439,132
2698,82001S,132
3340,22931,132
3415,21382,132
4187,23054,132
4765,23437,132
1344,22183,131
1365,21245,131
1569,22604,131
2387,22717,131
3103,22340,131
3308,85059,131
2230,22342,130
2373,22434,130
2907,22939,130
3090,22715,130
3133,22683,130
1847,22477,129
2235,22420,129
2382,21355,129
3262,22293,129
4854,23369,129
4869,23507,129
1280,21126,128
1780,21801,128
1846,22476,128
2375,21215,128
2376,21058,128
2474,84519B,128
2883,22403,128
3502,22291,128
1589,22096,127
2674,22163,127
3209,85087,127
3426,22269,127
3543,22852,127
4509,23228,127
4820,23559,127
1543,22376,126
1783,21809,126
1817,22182,126
2033,21564,126
2294,84950,126
2421,21159,126
3952,84796B,126
4537,23274,126
4590,23251,126
4866,23510,126
1401,22695,125
1962,84913A,125
2057,22599,125
2231,22350,125
2850,85078,125
3413,22933,125
4800,23380,125
2113,21014,124
2423,22285,124
2604,21528,124
2873,85034B,124
2906,22123,124
5053,23552,124
1357,21824,123
1708,21873,123
1826,22309,123
2250,22756,123
2252,22831,123
2276,70006,123
2413,22070,123
2706,85054,123
2915,22894,123
3136,22691,123
3399,22703,123
1107,22176,122
2618,85131A,122
2891,47310M,122
3089,22682,122
4377,23131,122
4644,23341,122
4859,23505,122
1210,35004B,121
1391,21706,121
2030,21408,121
2832,22701,121
3055,37447,121
3730,21455,121
4348,23061,121
4684,23314,121
4698,23546,121
1110,22719,120
1604,47599B,120
1971,11001,120
2765,21677,120
3239,22520,120
4617,23121,120
1075,85183B,119
1618,47504H,119
1876,22928,119
2018,21249,119
2478,22292,119
2686,22762,119
2787,22306,119
2803,84849D,119
2898,85206A,119
3529,22286,119
4511,23227,119
4726,23360,119
4786,23427,119
4805,23392,119
1134,22428,118
1448,21556,118
1901,72807A,118
1902,72807B,118
2179,21109,118
2442,20986,118
2896,72349B,118
3232,47574A,118
3815,22247,118
4592,23250,118
1099,22261,117
1340,72802C,117
1818,22190,117
2210,21896,117
2259,22944,117
2477,21504,117
2741,21446,117
2872,22853,117
3428,84012,117
4536,23273,117
4554,23244,117
1282,85049D,116
1404,22130,116
3067,85202,116
3270,37500,116
4473,23079,116
4729,23436,116
4796,23406,116
4919,23501,116
1453,22829,115
1584,22583,115
1762,85071A,115
2111,21813,115
2254,22863,115
3094,21391,115
3701,37342,115
4550,23235,115
4616,23120,115
4977,23499,115
1023,22913,114
1098,47580,114
1156,21622,114
1231,22473,114
1726,22119,114
1909,82613B,114
1928,85132A,114
1991,20735,114
2186,21272,114
2189,21288,114
2676,22248,114
4206,23010,114
4749,23331,114
4907,23531,114
1379,21739,113
1475,22152,113
1548,70007,113
1911,82613D,113
2603,21530,113
2954,22860,113
3086,22521,113
3139,22233,113
1426,22472,112
1587,22905,112
1736,21466,112
2119,21781,112
2206,21830,112
2460,21206,112
2590,22763,112
2744,21675,112
4639,23267,112
4642,23316,112
1014,22310,111
2653,21865,111
2767,84212,111
2819,21642,111
4179,22981,111
4389,23048,111
4734,23438,111
4806,23400,111
1984,20658,110
2687,22811,110
2948,22684,110
4572,23338,110
1237,21464,109
1279,21125,109
1559,21794,109
1590,21358,109
2005,21070,109
2588,21927,109
3601,22047,109
4516,23214,109
1150,22922,108
1358,21823,108
1772,21055,108
1785,21822,108
1878,22949,108
1996,20956,108
2156,22260,108
2642,20886,108
3068,85204,108
3452,84818,108
3454,22230,108
4882,23461,108
1535,47563A,107
1845,22471,107
2438,21064,107
2638,84006,107
4579,23271,107
4917,23500,107
1613,84968C,106
1737,21467,106
1763,85071C,106
1994,20839,106
2643,21945,106
2651,21201,106
2881,21626,106
3095,21403,106
3229,21617,106
3343,22710,106
3628,22711,106
4561,23220,106
4902,23543,106
5054,23498,106
1517,22582,105
1522,22742,105
2225,22308,105
2476,22514,105
2479,21211,105
3134,22685,105
3866,21096,105
4757,23357,105
4759,23375,105
1108,22438,104
1702,22615,104
1753,37495,104
1793,21942,104
2046,22245,104
2207,21846,104
2731,16225,104
3098,21812,104
3509,22229,104
3788,15044A,104
3865,21088,104
4454,23281,104
4767,23445,104
1024,22912,103
1172,22198,103
1692,22547,103
1722,22797,103
2264,35964,103
2452,22215,103
3184,21680,103
4209,23009,103
4938,23490,103
1285,21063,102
1336,20669,102
1850,22497,102
2117,22660,102
2301,85170D,102
2591,22334,102
2630,47566b,102
2973,84968A,102
4333,23065,102
4856,23511,102
1253,20966,101
1521,22500,101
1626,21107,101
1794,21944,101
1960,84598,101
2089,22399,101
2161,17084N,101
2958,22129,101
3256,16219,101
3336,22708,101
4710,23347,101
1729,22277,100
1880,35095A,100
2228,22325,100
2339,21624,100
2436,40016,100
2551,22264,100
2779,22414,100
2925,84569D,100
3049,22282,100
3085,22495,100
3097,21618,100
3354,21246,100
3524,15058B,100
3869,22266,100
4513,23226,100
4580,23335,100
4728,23373,100
4823,23435,100
1654,22911,99
1978,17012D,99
2063,22953,99
2164,20619,99
2205,21820,99
2534,22985,99
2649,20655,99
2752,17091J,99
2909,22598,99
3412,22236,99
4409,23161,99
4525,23217,99
1750,85199L,98
1815,22162,98
1849,22479,98
1881,35095B,98
1910,82613C,98
1964,84923,98
2147,21789,98
3108,84459A,98
3178,22085,98
4566,23269,98
4614,23123,98
1921,85032D,97
2023,21354,97
2540,21735,97
2606,20615,97
3005,85036C,97
3083,22280,97
4567,23268,97
1240,22117,96
1599,21111,96
1787,21879,96
2345,22220,96
2398,22924,96
2515,22343,96
3231,35646,96
4978,23485,96
1580,22575,95
1664,72598,95
1980,17012F,95
2011,21191,95
2283,84459B,95
2583,21059,95
3496,84951A,95
3503,15058A,95
4213,21395,95
4850,23502,95
1353,21065,94
1506,10125,94
1615,21192,94
1619,21742,94
1804,22071,94
2285,84559A,94
2608,22443,94
2918,21209,94
1043,22540,93
1511,20866,93
1588,22092,93
1746,84944,93
1788,21884,93
1889,35971,93
1959,84581,93
2611,22591,93
3700,21043,93
3742,21402,93
4410,23164,93
4526,23225,93
4605,23034,93
1299,22533,92
1332,85116,92
2497,85049F,92
2596,21039,92
4493,23085,92
4634,23223,92
4758,23358,92
4770,23433,92
4889,23470,92
4900,23542,92
1724,22118,91
1739,21469,91
1853,22519,91
2222,22246,91
2289,84659A,91
2430,85035A,91
2575,21788,91
2681,22363,91
2814,21845,91
2825,72802B,91
2827,22339,91
3120,15044C,91
3210,85094,91
4342,23153,91
2174,20846,90
2185,21220,90
2226,22317,90
2709,85169A,90
2736,21219,90
2854,22509,90
2886,22799,90
3021,37327,90
3425,22201,90
3575,85183A,90
1138,22168,89
1152,22923,89
2004,21069,89
2157,22136,89
2184,21208,89
2655,22166,89
3065,85093,89
3488,46776F,89
4341,23075,89
4591,23249,89
4827,23391,89
1074,84519A,88
1822,22276,88
1833,22359,88
1851,22515,88
2270,46776B,88
2337,22524,88
2346,85034A,88
2684,22546,88
2717,90114,88
3147,47480,88
3293,85173,88
3555,22232,88
4176,23183,88
4368,23138,88
4825,23419,88
4903,23530,88
4940,23452,88
1976,17012B,87
1977,17012C,87
2178,21067,87
2746,21828,87
3227,15044D,87
3689,22062,87
4339,23066,87
4582,23336,87
4641,23315,87
1563,22760,86
1829,22336,86
1963,84913B,86
2282,82616C,86
2363,85071D,86
2411,20967,86
2443,20832,86
4201,23181,86
4815,23401,86
4911,23536,86
1375,21448,85
1519,85231G,85
1536,84558A,85
1623,22217,85
1898,72586,85
2445,22442,85
2526,85185B,85
2577,22406,85
2656,22518,85
2743,21640,85
3194,21204,85
3258,20801,85
3427,22526,85
3870,22267,85
4378,23067,85
4701,23545,85
4953,23566,85
2813,20652,84
2919,22354,84
3288,15056n,84
4013,37413,84
1284,21061,83
1526,72818,83
1655,22453,83
1823,22299,83
2012,21195,83
2019,21262,83
2265,35965,83
2409,22559,83
2984,21401,83
3109,84637,83
3497,84951B,83
3530,22287,83
3743,47585A,83
4599,23020,83
4647,23317,83
4799,23381,83
1140,84880,82
1598,84596E,82
2284,84520B,82
2302,85212,82
2631,72349b,82
2639,20767,82
2735,21112,82
3480,84356,82
3646,22204,82
1030,21724,81
1857,22589,81
1933,85186A,81
2006,21147,81
2098,22496,81
2399,22832,81
2574,22031,81
4088,21636,81
4459,23094,81
4500,23444,81
4804,23412,81
1193,22128,80
1334,21609,80
1469,20777,80
2022,21352,80
2092,84509B,80
2571,21581,80
2849,22307,80
3590,21199,80
3827,85186C,80
4202,23187,80
4727,23359,80
4769,23431,80
4824,23418,80
4909,23483,80
4968,23491,80
4973,23486,80
1491,90200D,79
1647,85114B,79
1899,72799E,79
2080,84884A,79
2380,21881,79
2487,21465,79
2536,22705,79
2732,20686,79
2968,35924,79
3048,22223,79
3334,21792,79
3395,22820,79
3484,22934,79
3662,22258,79
4408,23160,79
4482,23088,79
4635,23222,79
4791,23398,79
1650,85114C,78
1766,21576,78
2404,79191C,78
2545,22341,78
2828,22337,78
2937,20764,78
3705,35810A,78
1112,D,77
1478,84849B,77
1854,22545,77
1995,20840,77
2218,22124,77
2448,22320,77
2565,21399,77
2629,22525,77
2679,22255,77
2806,82616B,77
3001,22344,77
3051,22416,77
3632,85194L,77
3804,22046,77
3998,84279B,77
4581,23339,77
4751,23326,77
4798,23379,77
1802,22067,76
2450,85132B,76
2904,21294,76
2959,22808,76
2979,21424,76
3035,22073,76
3036,20716,76
3158,84912A,76
3195,21222,76
3356,20618,76
3756,21793,76
4774,23432,76
4935,23564,76
1286,21062,75
1461,22480,75
1830,22345,75
2227,22324,75
2518,18097C,75
2623,21205,75
2733,21200,75
2798,84997d,75
2910,22532,75
3830,85194S,75
4604,23033,75
4864,23514,75
1328,22785,74
1773,21056,74
2232,22393,74
2304,85232D,74
2899,22021,74
3193,21171,74
3341,22932,74
3621,22782,74
3680,21707,74
3776,21198,74
4797,23405,74
4884,23469,74
1032,10002,73
1852,22517,73
1904,72816,73
1992,20770,73
2010,21189,73
2097,21462,73
2233,22405,73
2624,21361,73
2641,21882,73
4066,15058C,73
4178,23178,73
4203,23186,73
4481,23107,73
4522,23224,73
1317,22706,72
1612,85035B,72
2612,22504,72
2824,72802A,72
2983,22252,72
3159,85036A,72
3274,85170C,72
3645,85159B,72
3679,84929,72
3695,21400,72
4337,23253,72
4863,23515,72
1430,22529,71
1474,21586,71
1581,21804,71
1821,22265,71
1929,85135C,71
2071,20616,71
2175,20931,71
2377,21060,71
2560,21026,71
2961,85187,71
3444,16008,71
3696,35911A,71
3801,16045,71
4870,23513,71
1874,22862,70
1906,79030G,70
2193,21537,70
2197,21648,70
2287,84596J,70
2589,21925,70
2669,20998,70
2796,84997b,70
2893,21555,70
3106,46776A,70
3199,22101,70
3576,21194,70
4484,23087,70
2491,21849,69
2514,21417,69
3485,16048,69
4583,23337,69
4801,23402,69
4821,23423,69
4966,23553,69
2093,22313,68
2675,22216,68
3027,21167,68
3111,85039C,68
3235,21248,68
3294,22513,68
4069,84509a,68
4868,23509,68
1975,17012A,67
2110,21817,67
2266,35967,67
2802,85123a,67
3010,22461,67
3161,20775,67
3577,21972,67
4611,23026,67
1388,21708,66
1594,20772,66
1690,22444,66
1800,22043,66
1926,85129D,66
2173,20761,66
2176,21002,66
2353,21422,66
2440,84509G,66
2601,72232,66
2634,84970s,66
2702,84673B,66
2797,84997c,66
2905,21468,66
2963,22770,66
3042,21397,66
3125,84968F,66
3160,84569A,66
3240,22516,66
3346,22935,66
1470,16016,65
1476,84754,65
1931,85177,65
2397,22777,65
2996,20659,65
3030,20802,65
3268,35809A,65
3338,22057,65
3491,84748,65
3552,22857,65
3644,85180A,65
3880,35923,65
3993,84997a,65
4793,23414,65
4945,23565,65
1642,47421,64
1784,21821,64
2090,79302M,64
2153,21398,64
2251,22788,64
2730,16218,64
2875,84819,64
2965,79190A,64
3449,22319,64
3578,22281,64
4521,23219,64
4609,23113,64
4691,23550,64
4890,23524,64
1678,21654,63
1730,20867,63
1786,21851,63
1967,20856,63
2343,40001,63
2351,20755,63
2680,22288,63
2922,85130D,63
3046,22108,63
3091,21253,63
3157,72122,63
3243,S,63
4344,23073,63
4494,23099,63
4857,23517,63
1347,85169B,62
1556,21441,62
1634,15044B,62
2154,21643,62
2224,22304,62
2619,15056bl,62
2951,21580,62
3273,85130B,62
3625,84817,62
3896,35915C,62
3962,21926,62
4702,23547,62
4814,23408,62
1223,22100,61
1346,21676,61
2338,20765,61
2472,22450,61
2794,82494l,61
2848,85111,61
2929,62018,61
2939,21723,61
3000,22346,61
3410,22254,61
4811,23413,61
1498,16258A,60
2122,35954,60
2552,22181,60
2564,20766,60
2600,85214,60
3054,35651,60
3384,21442,60
3675,22032,60
4980,23454,60
1698,21520,59
1893,47591B,59
2234,22409,59
2344,21709,59
2378,21719,59
2471,84763,59
2818,47422,59
2931,85179A,59
2962,21683,59
2989,21311,59
3057,46776C,59
3101,22104,59
3252,22903,59
3420,79190B,59
3630,22270,59
3686,47594B,59
4792,23425,59
4962,23554,59
4976,23462,59
5028,23695,59
1225,22451,58
1731,21688,58
1981,17129F,58
2106,22640,58
2286,84559B,58
2913,21682,58
3153,79160,58
3169,22700,58
3192,21028,58
3709,22410,58
4387,20838,58
4790,23411,58
4862,23512,58
1455,17021,57
1693,22543,57
1760,20902,57
1947,90209B,57
2458,22316,57
3130,20903,57
3526,21318,57
4961,23556,57
1770,85136A,56
2149,21850,56
2151,20768,56
2299,85114A,56
2327,90214A,56
2557,21025,56
2622,21066,56
2792,47591d,56
2890,22256,56
3121,20762,56
3207,84510C,56
3250,84968D,56
3305,84247E,56
3602,22214,56
3659,21386,56
4221,22687,56
1452,22511,55
1765,21579,55
1915,84086C,55
1925,85127,55
1982,18098C,55
2170,20700,55
2275,47594A,55
2667,84993A,55
2846,21287,55
2851,85036B,55
3316,84251B,55
3487,22263,55
3767,21747,55
4113,23003,55
4336,23057,55
4391,23041,55
4650,23025,55
4894,23525,55
4960,23558,55
1471,16014,54
1625,21106,54
2002,21000,54
2024,21365,54
2050,79144B,54
2051,22482,54
2350,21221,54
2734,21051,54
2783,84849A,54
2921,35653,54
4483,23106,54
4941,23451,54
4964,23555,54
1087,71270,53
1257,21743,53
1458,85172,53
1568,22642,53
2108,22638,53
2357,22272,53
2464,85159A,53
3015,21693,53
3047,22221,53
3345,22936,53
3351,71038,53
3374,84251G,53
3515,85086A,53
3719,85088,53
4177,23179,53
4354,23140,53
1769,85135B,52
1983,20622,52
2887,22305,52
3039,21291,52
3206,84509C,52
3271,37501,52
3272,79144C,52
3534,84931A,52
3805,84931B,52
4697,23549,52
4974,23473,52
1905,79030D,51
2062,84920,51
2166,20681,51
2183,21188,51
2711,85169D,51
2769,21379,51
2942,21187,51
3063,84789,51
3126,21289,51
3129,37482P,51
3191,21001,51
3423,21264,51
3799,85049g,51
4352,23056,51
4908,23527,51
4939,23453,51
1492,90200A,50
1567,22643,50
2035,21641,50
2079,22802,50
2112,21808,50
2394,84674,50
2465,21784,50
2570,21426,50
2633,84970l,50
2745,21725,50
2957,85208,50
3100,21943,50
3112,85131C,50
3438,90161C,50
3465,84843,50
3500,20654,50
3514,35915B,50
3554,22861,50
4184,23180,50
4369,23150,50
4830,23074,50
4901,23528,50
4937,23487,50
1122,35004C,49
1467,20774,49
2200,21684,49
2420,21161,49
2670,22702,49
3045,22106,49
3481,47578A,49
3763,22707,49
4366,23136,49
4495,23086,49
4951,23568,49
1485,90200B,48
1512,85095,48
1687,22194,48
2198,21656,48
2512,21415,48
3019,84795B,48
3043,21627,48
3429,85180B,48
3665,85141,48
3969,85130C,48
4356,23135,48
4539,21373,48
4623,23114,48
4624,23115,48
4809,23415,48
4835,23058,48
5031,23598,48
2025,21366,47
2066,22786,47
2592,22655,47
2700,84660C,47
2704,84927F,47
2710,85169C,47
2753,21027,47
2771,17107D,47
2930,16011,47
2988,21306,47
3017,79190D,47
3188,84968E,47
3313,22611,47
3390,22647,47
3633,84660A,47
4351,23055,47
4626,23117,47
4816,23422,47
4975,23460,47
2134,21374,46
2342,72803A,46
2739,21263,46
3033,22389,46
3056,46118,46
3196,21251,46
3448,20758,46
3504,20868,46
3614,84313C,46
3871,21003,46
4475,23104,46
4741,23324,46
4865,23518,46
4933,23660,46
1387,21710,45
1649,22454,45
1940,90116,45
1968,20854,45
2201,21698,45
2315,90134,45
2331,22448,45
2332,22447,45
2556,85144,45
2585,22869,45
2593,22060,45
2738,21261,45
2870,35241,45
2908,71279,45
3167,79051A,45
3228,84707A,45
3424,21284,45
3542,22826,45
3566,16216,45
3588,20704,45
3663,22259,45
4524,23216,45
4812,23409,45
4877,23516,45
4955,23479,45
5063,23562,45
1270,84625A,44
1592,21427,44
1745,21143,44
1887,35957,44
1918,85016,44
2148,21629,44
2490,85025C,44
2795,84030e,44
2960,20702,44
2993,90200E,44
3122,20803,44
3200,35914,44
3326,90198A,44
3383,21285,44
3450,22824,44
3495,37475,44
3655,72801d,44
3657,84673A,44
3661,22257,44
4335,23060,44
4424,23070,44
4629,23272,44
4750,23327,44
4905,23521,44
1542,21367,43
1883,35598D,43
2163,20617,43
2439,84341B,43
2688,22882,43
2820,47503H,43
2976,47367B,43
3014,21613,43
3177,18094C,43
3183,22050,43
3233,72819,43
3261,21666,43
3359,22510,43
3385,21717,43
3507,84821,43
3707,21633,43
3977,85188A,43
4140,84796A,43
4392,23040,43
4618,23124,43
4703,23548,43
2159,16168M,42
2169,20699,42
2196,21638,42
2269,46775D,42
2437,22202,42
2530,79163,42
2579,22042,42
2800,85049e,42
2865,21726,42
2964,84563B,42
2977,21695,42
3600,22954,42
3829,84218,42
4365,23142,42
4896,23539,42
4906,23523,42
1269,84625C,41
1616,72800B,41
1951,90214J,41
2146,90214S,41
2255,22870,41
2405,47471,41
2768,21377,41
3020,20771,41
3344,22051,41
3388,22538,41
3567,84660B,41
4999,23495,41
5038,23694,41
1154,22242,40
1628,21826,40
2279,79067,40
2290,84663A,40
2295,84976,40
2297,85040B,40
2335,21472,40
2434,21741,40
2492,85124B,40
2493,85124C,40
2705,85025B,40
3203,84313B,40
3306,85170B,40
3475,84510a,40
3817,84251C,40
3828,84926E,40
4360,23134,40
4692,23218,40
4958,23579,40
1987,20684,39
2102,21351,39
2162,17084P,39
2383,21518,39
2693,71143,39
2785,85230B,39
3064,84813,39
3312,22512,39
3547,20831,39
3842,22709,39
4936,23567,39
4942,23482,39
1936,90018A,38
2060,46000R,38
2064,84508A,38
2220,22184,38
2379,84826,38
2462,22806,38
2692,44234,38
3058,46776E,38
3171,21644,38
3226,90208,38
3319,85213,38
3324,90170,38
3328,90214K,38
3508,84638,38
3546,20830,38
3580,84876B,38
3917,21371,38
4619,23125,38
4752,23325,38
4934,23661,38
4984,23474,38
5021,23691,38
5062,23576,38
1617,84563A,37
1771,85136C,37
2040,21722,37
2107,22641,37
2240,22503,37
2317,90161B,37
2364,22044,37
2489,16012,37
2543,BANK CHARGES,37
2609,21807,37
2727,90214L,37
2894,22390,37
3245,37479P,37
3473,21317,37
3486,20932,37
3533,46776D,37
3587,22289,37
3704,72800C,37
3718,85163B,37
3741,20934,37
3867,90119,37
3899,85019B,37
4270,35649,37
4910,23529,37
4946,23456,37
1389,21711,36
1684,22049,36
2181,21128,36
2325,90209C,36
2524,20757,36
2689,22884,36
2799,85049a,36
2822,72128,36
2861,21696,36
2950,21630,36
2956,20748,36
3211,85125,36
3389,22541,36
3594,85179C,36
3710,84859A,36
3766,16207A,36
3802,84872A,36
3806,21270,36
3949,21458,36
4436,23046,36
4885,23484,36
4899,23533,36
4950,23455,36
5029,23697,36
1688,22688,35
1924,85064,35
2039,21721,35
2340,84926A,35
2559,21030,35
2597,21157,35
2867,20936,35
3076,90158,35
3138,84926D,35
3267,22889,35
3292,85114c,35
3409,21628,35
3826,85168B,35
1121,22783,34
1884,35599D,34
2586,22878,34
2673,22105,34
2874,72800D,34
3041,21359,34
3132,71403,34
3145,20769,34
3221,90161D,34
3246,AMAZONFEE,34
3247,17038,34
3512,16054,34
3550,21378,34
3639,22881,34
3935,21368,34
4144,84687,34
4353,20997,34
4393,23064,34
4822,23421,34
4888,23472,34
4914,23537,34
4957,23458,34
5032,23597,34
5042,23428,34
5060,23575,34
1273,47570B,33
1758,85019A,33
1790,21911,33
1900,72799F,33
1938,90071,33
2027,21372,33
2041,21758,33
2165,20653,33
2262,35916B,33
2469,72127,33
2550,35001G,33
2682,22395,33
2724,90214C,33
2812,20661,33
2817,20657,33
2868,84924A,33
2892,84508B,33
3099,21847,33
3212,90013A,33
3265,22880,33
3266,22883,33
3337,22048,33
3414,85107,33
3505,84820,33
3783,84199,33
4192,23185,33
4219,16259,33
4375,23069,33
4435,23072,33
4836,23420,33
4855,23520,33
4904,23538,33
1261,21587,32
1345,21678,32
1473,22618,32
1504,21815,32
1948,90214D,32
2324,90206C,32
2602,84247G,32
2804,84507C,32
3007,84531A,32
3123,18007,32
3135,21973,32
3544,22102,32
3593,84584,32
3717,85163A,32
3782,35819B,32
4897,23522,32
4949,23457,32
4956,23481,32
4963,23557,32
1126,21324,31
1191,22827,31
1209,22803,31
2187,21279,31
2305,90013B,31
2561,21032,31
2697,79191B,31
2718,90115,31
2826,21054,31
2967,85129B,31
3008,84531B,31
3031,22052,31
3118,90130B,31
3156,21647,31
3380,90201D,31
3733,85232A,31
3910,22103,31
4073,82095,31
4895,23532,31
4992,23475,31
5000,23496,31
1949,90214G,30
1950,90214H,30
2152,20780,30
2168,20696,30
2328,90214E,30
2371,20893,30
2549,84952B,30
2576,22408,30
2637,10120,30
2740,21286,30
2788,20734,30
2869,35810B,30
3105,35916A,30
3175,84916,30
3208,84917,30
3332,20794,30
3483,22856,30
3520,84631,30
3535,85211,30
3683,22872,30
3703,21425,30
3711,85103,30
3715,85205B,30
3728,20869,30
4043,84919,30
4367,23139,30
4620,23039,30
4632,23027,30
1490,90200C,29
1720,22825,29
1891,37476,29
2034,21634,29
2607,47021G,29
2635,85039a,29
2701,84661B,29
3032,20781,29
3061,84228,29
3197,21375,29
3478,22885,29
3498,22053,29
3525,22391,29
3642,20705,29
3694,84926F,29
3720,90201A,29
3769,84249A,29
3995,84974,29
4358,23071,29
4390,23042,29
1230,17091A,28
1562,21292,28
1611,21197,28
1676,21662,28
2099,84870C,28
2144,90214M,28
2238,22459,28
2261,35637A,28
2582,21129,28
2650,21100,28
2791,47559b,28
2821,72130,28
2928,90086,28
3037,20782,28
3070,90013C,28
3141,22486,28
3213,90059A,28
3241,22353,28
3408,84192,28
3482,21562,28
3499,21131,28
3690,22040,28
3768,84457,28
3861,47518F,28
3939,85200,28
4098,21898,28
4438,23044,28
4621,23021,28
4622,23023,28
4628,23019,28
4810,23417,28
4883,23466,28
4886,23471,28
4969,23492,28
1373,21738,27
2076,84352,27
2431,22761,27
2528,79164,27
2658,84509c,27
2691,35599B,27
2751,17084R,27
2755,90096,27
2927,84508C,27
2941,84051,27
2994,90062,27
3185,20819,27
3257,20763,27
3304,21689,27
3321,90019A,27
3443,16015,27
3617,84823,27
3620,22656,27
3641,21631,27
3736,90197B,27
3738,46000U,27
4085,82001s,27
4658,81952V,27
5061,23560,27
1468,20773,26
2100,84870B,26
2323,90192,26
2620,15056p,26
2662,84884a,26
2970,21904,26
3006,21202,26
3044,21632,26
3131,20897,26
3155,21089,26
3220,90160C,26
3314,22873,26
3382,17096,26
3392,85230G,26
3396,84952A,26
3527,21418,26
3541,85230E,26
3723,84600,26
3764,21503,26
3841,16169M,26
3934,21082,26
3982,21456,26
4023,21841,26
4428,23045,26
4437,23047,26
4608,23022,26
5059,23580,26
1192,22127,25
1671,21038,25
1935,90003C,25
1952,90214R,25
2125,35598B,25
2355,21364,25
2877,90175A,25
2901,21445,25
2902,77101A,25
3079,90201B,25
3279,90087,25
3287,84989a,25
3301,22875,25
3387,21750,25
3430,90030B,25
3560,21946,25
3591,21293,25
3638,22886,25
3684,22871,25
3714,22407,25
3760,84800L,25
3981,21457,25
3985,72801c,25
4355,23141,25
4610,23016,25
4832,23416,25
1732,21694,24
1838,22394,24
2194,21547,24
2237,22458,24
2330,84658,24
2511,85106,24
2728,90214N,24
2991,21277,24
3028,51008,24
3077,90183A,24
3128,37479B,24
3202,47481,24
3269,35833P,24
3493,90147,24
3513,84595E,24
3938,35921,24
3990,21476,24
4044,84907,24
4148,10080,24
4204,84535A,24
4625,23116,24
4878,23519,24
1094,37444A,23
2070,84685,23
2293,84915,23
2523,20760,23
2621,20941,23
2664,85014b,23
3296,84510c,23
3439,90174,23
3489,84509E,23
3579,22887,23
3618,90057,23
3674,22033,23
3677,84507B,23
3898,85197,23
3970,20756,23
3972,21320,23
3980,71101E,23
4106,84859C,23
4372,23137,23
4419,23149,23
4427,23043,23
4613,23015,23
4648,23017,23
5046,23429,23
1157,35004G,22
1645,84569B,22
1934,85232B,22
1941,90120C,22
2288,84609,22
2660,84559a,22
2723,90214B,22
2816,84877D,22
2856,90143,22
2944,20980,22
2975,47369B,22
3164,85020,22
3205,84429A,22
3349,21686,22
3451,21132,22
3494,90201C,22
3682,22874,22
3693,84877B,22
3732,35933,22
3753,90014A,22
3807,85161,22
3947,84905,22
3966,84592,22
4216,16161G,22
4425,23151,22
4972,23476,22
1595,71406C,21
1596,84985A,21
1607,21664,21
1937,90022,21
1944,90161A,21
2263,35916C,21
2522,20759,21
2632,84872a,21
2888,84898F,21
2949,82011B,21
3040,21319,21
3152,21226,21
3234,84665,21
3364,35968,21
3366,90184B,21
3528,21420,21
3615,21473,21
3637,22888,21
3681,22868,21
3926,21459,21
3940,84231,21
3956,85040a,21
4055,17136A,21
4649,23018,21
4912,23544,21
4944,23459,21
1227,84744,20
1875,22876,20
1886,35818P,20
1942,90129A,20
1943,90129B,20
1985,20662,20
2121,84360,20
2538,72801C,20
2558,21031,20
2584,22877,20
2703,84927A,20
2764,21250,20
2834,82011C,20
2974,47369A,20
2986,51020A,20
3002,85215,20
3022,85027L,20
3081,84712B,20
3290,84559b,20
3311,90175D,20
3315,37467,20
3331,20663,20
3333,21269,20
3377,90059D,20
3404,84247L,20
3406,84875B,20
3446,37333,20
3599,72780,20
3784,82613A,20
3820,20701,20
3839,84989A,20
3857,84661A,20
3858,90118,20
3900,16207B,20
3918,35912B,20
3945,47469,20
3948,84806B,20
4059,84708B,20
4645,23037,20
1505,21814,19
1677,85104,19
1945,90190C,19
2503,90204,19
2897,84993B,19
3066,85096,19
3092,21265,19
3149,20731,19
3154,72131,19
3244,84725,19
3286,48189,19
3355,21376,19
3358,47420,19
3372,78124,19
3539,90125D,19
3557,20664,19
3737,72225C,19
3852,35972,19
3979,72799C,19
4005,90016B,19
4056,84993a,19
4062,22038,19
4172,16020C,19
4282,84576,19
4819,23410,19
1553,21488,18
2307,90019B,18
2319,90173,18
2406,16046,18
2500,90082A,18
2539,72801D,18
2761,84247N,18
2855,90145,18
2885,84827,18
2920,21635,18
3026,84707B,18
3038,20847,18
3117,90101,18
3214,90073,18
3260,21316,18
3353,84910A,18
3407,84876D,18
3419,84688,18
3561,20666,18
3564,84882,18
3622,84766,18
3726,90165B,18
3727,20694,18
3779,85230A,18
3862,16156L,18
3912,85160B,18
4001,84452,18
4075,21087,18
4287,16254,18
4407,20836,18
5045,23430,18
1669,21657,17
1939,90099,17
2306,90018B,17
2352,21421,17
2367,21360,17
2470,72133,17
2770,37489D,17
2809,90198B,17
2862,21275,17
2911,21413,17
2987,51020B,17
3078,90183B,17
3143,84711A,17
3204,84422,17
3224,90184C,17
3317,84927D,17
3548,90003D,17
3780,79191D,17
3925,21117,17
4544,20901,17
4630,23036,17
4652,23574,17
1337,90129F,16
1457,84678,16
1488,90059E,16
1663,22164,16
1686,21333,16
2026,21369,16
2616,85049B,16
2696,75131,16
2707,85055,16
2722,90205A,16
2756,21095,16
2776,37489A,16
2835,84865,16
2857,90010A,16
2936,72051S,16
3071,90014B,16
3113,90010E,16
3140,35400,16
3186,84925F,16
3217,90129C,16
3291,84660c,16
3329,90214P,16
3416,44235,16
3417,40003,16
3490,84510E,16
3571,90160A,16
3584,84927E,16
3585,84816,16
3598,90164B,16
3640,22879,16
3647,90058B,16
3721,90202A,16
3812,90103,16
3868,84741C,16
3928,37468,16
3964,35920,16
4008,20898,16
4421,23143,16
4512,20667,16
4773,CRUK,16
4833,23611,16
4916,23626,16
4918,23465,16
5064,23561,16
1327,90199C,15
1349,84906,15
2021,21349,15
2188,21281,15
2318,90166,15
2320,90177C,15
2444,84846A,15
2510,20894,15
2537,84952C,15
2714,90003E,15
2719,90120B,15
2725,90214F,15
2782,85129C,15
2823,47343A,15
2934,84874B,15
2985,84597C,15
3116,90081C,15
3142,72801G,15
3223,90177D,15
3283,90202C,15
3325,90186B,15
3348,47348A,15
3373,79403,15
3381,17013D,15
3492,90070,15
3558,47593A,15
3597,90164A,15
3656,85114a,15
3716,22929,15
3735,90122A,15
3748,90165A,15
3757,85023B,15
3786,22823,15
3814,90205C,15
3838,35911B,15
3890,90059F,15
3943,84461,15
4063,79063C,15
4127,20837,15
4254,85145,15
1472,21651,14
1743,37343,14
1954,84534B,14
2124,85045,14
2145,90214V,14
2322,90181B,14
2467,17090D,14
2504,90185B,14
2529,84683,14
2663,85014a,14
2713,90000D,14
2715,90028,14
2784,22137,14
2889,22415,14
3023,85017C,14
3216,90104,14
3219,90129E,14
3225,90185A,14
3255,16052,14
3363,85118,14
3687,21196,14
3702,84750B,14
3725,90144,14
3739,90072,14
3790,85114b,14
3795,84795b,14
3819,46138B,14
3879,21332,14
3881,84661C,14
3915,62086A,14
4007,84847,14
4243,47013C,14
4245,15030,14
4913,23540,14
4943,23603,14
5058,23578,14
1095,37444C,13
1487,90185C,13
1759,85019C,13
2056,20697,13
2501,90082B,13
2563,21357,13
2640,90094,13
2726,90214I,13
2786,85230F,13
2847,79337,13
2903,84358,13
2990,21307,13
3119,90130C,13
3148,84522,13
3280,90168,13
3521,84799,13
3624,84711B,13
3634,75178,13
3670,90133,13
3724,84857C,13
3761,84800M,13
3765,90108,13
3957,20795,13
4014,79063D,13
4080,DCGSSGIRL,13
4970,23477,13
4971,23478,13
1259,84709B,12
1565,21486,12
1919,85017A,12
2277,71496A,12
2648,18098c,12
2762,84247K,12
2772,37489B,12
3018,22157,12
3201,37462E,12
3277,90005A,12
3281,90169,12
3295,72351a,12
3362,72132,12
3538,90125B,12
3572,90160B,12
3573,90160D,12
3574,82011A,12
3635,75011,12
3652,84796a,12
3750,90202D,12
3840,79071B,12
3892,21280,12
3902,35265,12
4045,85024B,12
4117,84596f,12
4405,84629,12
4433,84859B,12
4633,23024,12
1486,90059B,11
1489,90059C,11
1742,21690,11
1867,22769,11
1979,17012E,11
2118,21761,11
2278,72134,11
2296,85008,11
2310,90040B,11
2314,90124B,11
2505,90195A,11
2525,85185D,11
2671,84925D,11
2781,85130A,11
2876,90185D,11
2879,90162B,11
3276,90003B,11
3278,90019C,11
3284,90210C,11
3310,85026B,11
3431,90030C,11
3559,20670,11
3570,90036E,11
3595,85188B,11
3649,84616,11
3673,85146,11
3676,84751B,11
3740,90214T,11
3762,84806A,11
3785,85135A,11
3860,21278,11
3875,90122C,11
3927,21460,11
3944,35922,11
3951,90191,11
3954,20845,11
3960,84226,11
3967,84800S,11
3974,90202B,11
3988,35913B,11
4065,90098,11
4074,84306,11
4079,DCGSSBOY,11
4084,72812,11
4143,84466,11
4261,21614,11
4379,47341B,11
4659,81950B,11
4807,23614,11
4924,23468,11
4954,23467,11
1020,21777,10
1546,21190,10
1630,17164B,10
1946,90194,10
2123,84760S,10
2321,90177E,10
2468,17090A,10
2482,90180A,10
2509,90186A,10
2572,90002D,10
2708,85167B,10
2720,90141A,10
2789,20960,10
2801,85099f,10
2830,21040,10
2840,21692,10
3016,84809A,10
3034,84840,10
3072,90085,10
3182,21336,10
3236,20857,10
3330,90214Z,10
3350,85024C,10
3376,90040C,10
3378,90089,10
3434,90093,10
3447,20778,10
3469,79066k,10
3506,85006,10
3608,20826,10
3609,21145,10
3616,90210A,10
3643,90125A,10
3825,90125E,10
3844,gift_0001_20,10
3851,20933,10
3859,90182C,10
3863,47351B,10
3903,16162L,10
3905,90190A,10
3907,90038A,10
3950,85198,10
4033,85028S,10
4130,44092C,10
4156,90177A,10
4191,79026B,10
4226,78033,10
4277,84686,10
4349,20823,10
4507,90018C,10
4508,84746,10
4657,81952B,10
4669,84706F,10
4685,16162M,10
4842,23629,10
4876,23632,10
5040,23442,10
1503,21816,9
1510,20878,9
1541,21370,9
2160,17014A,9
2312,90054,9
2362,62096A,9
2553,21392,9
2554,21393,9
2943,22034,9
3009,21910,9
3059,62094B,9
3190,16169K,9
3222,90175B,9
3322,90023,9
3367,90184A,9
3433,90039D,9
3455,90033,9
3468,35809a,9
3501,17165D,9
3517,85084,9
3568,21736,9
3619,90210D,9
3722,90206A,9
3759,84804A,9
3835,90163A,9
3901,20698,9
3941,21461,9
3958,47590b,9
4003,90123A,9
4004,90148,9
4018,90183C,9
4046,35637C,9
4086,75172,9
4097,44236,9
4147,72140E,9
4163,20796,9
4198,gift_0001_10,9
4205,84086B,9
4215,84842,9
4231,46126A,9
4264,20821,9
4290,84875D,9
4330,85132b,9
4440,90083,9
4808,23637,9
4983,23305,9
4998,23304,9
1974,17011F,8
1993,20835,8
2114,21018,8
2326,90211A,8
2417,85216,8
2483,90178A,8
2502,90081A,8
2721,90199B,8
2729,90214Y,8
2773,37489C,8
2858,90010B,8
2912,79149B,8
2926,84921,8
2932,21785,8
2946,75013B,8
2947,22830,8
3013,84881,8
3080,90212B,8
3124,21720,8
3179,47586A,8
3249,17084J,8
3282,90187B,8
3300,85132a,8
3309,84497,8
3361,72709,8
3371,71495B,8
3440,90188,8
3518,81950V,8
3592,71495A,8
3605,90032,8
3606,21331,8
3607,20848,8
3746,90141C,8
3843,gift_0001_30,8
3882,90038B,8
3978,84527,8
4040,84465,8
4041,20851,8
4081,35815P,8
4089,71510,8
4091,90064B,8
4093,90063A,8
4107,79406,8
4135,90000A,8
4142,84858C,8
4195,35607B,8
4200,16248B,8
4234,90124C,8
4244,84548,8
4313,62043B,8
4317,22039,8
4388,72811,8
4426,90058A,8
4671,23038,8
4695,90182A,8
4707,35819P,8
4813,23640,8
4947,23463,8
4948,23464,8
1338,90210B,7
1755,85067,7
2311,90051,7
2316,90138,7
2447,20798,7
2499,90082D,7
2757,85018D,7
2793,48173c,7
2914,78034B,7
3011,22833,7
3025,35001W,7
3218,90129D,7
3248,84388,7
3275,90000B,7
3327,90211B,7
3398,22828,7
3418,21763,7
3536,90031,7
3549,90067A,7
3565,85031A,7
3582,90190B,7
3603,90162C,7
3648,84597B,7
3660,90146,7
3691,21348,7
3749,90177B,7
3771,90011B,7
3834,90125C,7
3853,90155,7
3888,90181A,7
3955,84033,7
3965,84801A,7
3976,40046A,7
3994,21344,7
4006,90016A,7
4032,85028L,7
4049,17084A,7
4099,90024B,7
4128,47341A,7
4228,85030,7
4229,21637,7
4230,47344B,7
4268,84549,7
4374,16049,7
4499,84804B,7
4689,90030A,7
4778,23620,7
4834,23607,7
4985,23636,7
5030,23616,7
2101,22765,6
2481,90175C,6
2508,90199A,6
2661,84596e,6
2716,90060F,6
2871,17109D,6
3114,90039C,6
3162,90179C,6
3172,46000P,6
3259,20892,6
3402,21661,6
3432,90039B,6
3456,90042C,6
3476,84968e,6
3556,20793,6
3569,84922,6
3586,90120D,6
3745,90012A,6
3752,90199D,6
3777,90027D,6
3808,90011A,6
3822,35443,6
3847,20785,6
3848,85089,6
3874,90123C,6
3885,21655,6
3893,21667,6
3895,90122B,6
3930,85231g,6
3931,72369A,6
3942,84462,6
3984,84632,6
4061,84723,6
4092,90064A,6
4094,90063B,6
4096,44089C,6
4150,71050,6
4151,90124A,6
4502,84984A,6
4681,81953B,6
4705,90130A,6
4779,23623,6
4817,23613,6
4991,23303,6
1399,35591T,5
2309,90036F,5
2507,90196A,5
2513,21416,5
2517,18097A,5
2699,84270,5
2808,90196B,5
2829,84562A,5
2842,21836,5
2859,90050,5
2880,90162D,5
2945,35958,5
3069,90001D,5
3075,90141B,5
3170,10124A,5
3297,84596b,5
3303,84558a,5
3320,90001C,5
3368,84415B,5
3397,84706D,5
3421,90036D,5
3441,90214O,5
3445,37444B,5
3453,84798A,5
3537,90040A,5
3540,DCGS0003,5
3545,16033,5
3562,82605,5
3589,20818,5
3596,90076,5
3613,84575A,5
3650,84666,5
3671,90179A,5
3731,22206,5
3751,90154,5
3772,90055,5
3796,47518f,5
3813,90152A,5
3832,90037B,5
3836,90163B,5
3854,47589,5
3873,90123B,5
3889,90214W,5
3891,44091A,5
3894,90037C,5
3921,85189,5
3922,84745A,5
3923,84745B,5
3929,21897,5
3959,72807a,5
3973,90027C,5
3986,22764,5
3996,72821,5
4002,90123D,5
4054,84805A,5
4064,79062D,5
4070,35645,5
4100,84798B,5
4104,90180B,5
4132,44092B,5
4133,90065A,5
4138,35638A,5
4139,84691,5
4153,90157,5
4161,84803B,5
4220,47013A,5
4232,90182B,5
4246,35809B,5
4269,90014C,5
4288,84990,5
4289,84877A,5
4292,79336,5
4307,35818B,5
4343,90036C,5
4346,90159,5
4406,22987,5
4501,84984B,5
4558,35966,5
4646,90176D,5
4668,72807c,5
4682,35638B,5
4742,90209A,5
4780,23634,5
4818,23646,5
4887,23644,5
5052,23440,5
1885,35610A,4
2044,37509,4
2268,37491A,4
2347,72798C,4
2473,10124G,4
2506,90195B,4
2636,10123C,4
2760,37464,4
2805,20910,4
2811,90151,4
2839,85126,4
2843,47556B,4
2845,21011,4
2860,90053,4
3024,16010,4
3115,90056,4
3166,21827,4
3176,40005B,4
3189,84968B,4
3237,85047,4
3357,16202E,4
3370,20703,4
3394,20695,4
3472,21144,4
3474,72815,4
3631,85195,4
3669,90035A,4
3698,84613A,4
3699,90012B,4
3773,90142D,4
3793,82613b,4
3794,82613c,4
3800,84499,4
3811,90024F,4
3816,gift_0001_50,4
3833,90041,4
3850,35910A,4
3855,79323B,4
3886,79323P,4
3908,90079,4
3920,85206B,4
3975,22125,4
4042,84715,4
4047,71496B,4
4051,62074B,4
4053,84801B,4
4057,72807b,4
4058,84509b,4
4060,44089A,4
4083,84536a,4
4095,90029,4
4131,79331,4
4158,90001A,4
4183,37423,4
4196,90038C,4
4225,84750A,4
4227,37488A,4
4294,81953P,4
4312,62097B,4
4329,PADS,4
4403,37471,4
4439,90036A,4
4467,16151A,4
4503,90149,4
4528,84805B,4
4651,79161A,4
4654,90025F,4
4696,84402B,4
4722,84984D,4
4756,35597D,4
4837,23625,4
4838,23639,4
4871,23624,4
4872,20935,4
4875,23601,4
4881,23650,4
4928,23447,4
4959,23702,4
4993,23615,4
4994,23645,4
4995,23654,4
5033,23621,4
1238,20820,3
1544,21895,3
2043,22145,3
2054,37461,3
2195,21594,3
2292,84856L,3
2308,90024C,3
2313,90077,3
2348,35271S,3
2416,21538,3
2446,21769,3
2754,84539,3
2837,21414,3
2844,37474,3
2969,20671,3
3073,90132,3
3163,90060D,3
3168,17007B,3
3180,46115B,3
3181,84975,3
3198,21595,3
3215,90074,3
3323,90027A,3
3335,90212C,3
3369,20906,3
3379,90120A,3
3401,84977,3
3471,84968a,3
3511,16169P,3
3532,35610C,3
3563,85136B,3
3664,35817P,3
3672,79329,3
3708,35607A,3
3729,20954,3
3734,90027B,3
3744,90011D,3
3774,90176B,3
3775,gift_0001_40,3
3789,85231b,3
3809,90013D,3
3823,84689,3
3824,84675,3
3849,35909A,3
3872,21757,3
3876,90156,3
3878,84617,3
3883,90137,3
3906,90011E,3
3916,90039A,3
3924,90130D,3
3936,17174,3
3968,79192A,3
3971,22351,3
4000,84227,3
4068,84968d,3
4077,85092,3
4082,21228,3
4090,44265,3
4102,21681,3
4134,90026D,3
4136,90026C,3
4137,90026B,3
4154,90176A,3
4173,90016C,3
4174,90025D,3
4197,62096B,3
4199,84593,3
4217,85132c,3
4222,90075,3
4224,35910B,3
4263,84856S,3
4266,84743C,3
4314,20816,3
4319,37487B,3
4328,44242B,3
4334,16202B,3
4350,20827,3
4373,72024U,3
4376,16244B,3
4402,85225,3
4415,84873A,3
4490,47574B,3
4504,85034a,3
4540,16043,3
4546,84415A,3
4578,90001B,3
4656,84857B,3
4665,90049,3
4680,84924F,3
4754,B,3
4761,84206A,3
4764,90176E,3
4839,35598C,3
4841,15060b,3
4843,23630,3
4861,35598A,3
4874,23610,3
4922,23635,3
4925,79157V,3
4927,23448,3
4929,23446,3
5002,23633,3
5023,23608,3
5047,90179B,3
5048,23441,3
1081,84854,2
2659,84534b,2
2759,47503J,2
2807,90128B,2
2810,90152B,2
2853,84614A,2
2882,90167,2
2916,79151B,2
2938,47579,2
2978,84773,2
3074,90140,2
3104,35833G,2
3146,35597A,2
3165,20861,2
3285,22528,2
3289,21410,2
3299,85119,2
3302,47570b,2
3307,85170A,2
3347,85068,2
3352,84613C,2
3375,90034,2
3393,71215,2
3422,21120,2
3435,90128A,2
3436,90128C,2
3437,90128D,2
3442,DCGS0076,2
3458,21186,2
3461,84802A,2
3462,22218,2
3477,85035a,2
3479,84660b,2
3522,35004P,2
3531,35609A,2
3583,35610B,2
3623,20860,2
3654,21160,2
3666,90042A,2
3667,90136,2
3697,85031C,2
3706,21491,2
3755,21009,2
3778,44228,2
3787,DCGS0070,2
3810,90024E,2
3818,16206B,2
3821,90112,2
3837,21412,2
3846,85042,2
3856,21645,2
3909,22323,2
3911,90141D,2
3961,79323W,2
3963,37379A,2
3983,35647,2
3989,22146,2
3991,37351,2
3992,85160A,2
4019,DCGS0069,2
4050,84795C,2
4052,85063,2
4071,84611B,2
4087,45013,2
4103,35909B,2
4129,37491D,2
4145,90100,2
4146,84809B,2
4152,90135,2
4155,90176C,2
4160,84802B,2
4194,90084,2
4212,16202A,2
4214,85098B,2
4235,90131,2
4236,85224,2
4252,84569C,2
4255,21839,2
4259,85049b,2
4260,85049d,2
4291,35650,2
4315,90024D,2
4318,90025A,2
4332,84731,2
4385,84016,2
4429,20964,2
4455,84509g,2
4515,84206C,2
4527,84660a,2
4565,84824,2
4570,77079,2
4577,90036B,2
4598,84551,2
4627,84679,2
4636,84387A,2
4655,72802a,2
4661,90011C,2
4664,90043,2
4679,90067B,2
4690,90141E,2
4699,84732D,2
4700,84732B,2
4753,35816P,2
4755,90052,2
4762,84201B,2
4766,85184c,2
4880,23638,2
4915,23604,2
4921,23619,2
4923,23612,2
4926,90189A,2
4931,90065B,2
4989,79157B,2
4990,23595,2
5025,72783,2
5027,23692,2
5034,23627,2
5037,17191A,2
5039,23649,2
5070,23843,2
2042,21134,1
2047,20957,1
2048,85226A,1
2049,85044,1
2053,20950,1
2055,84670,1
2131,82615,1
2555,21268,1
2578,22275,1
2599,16161M,1
2665,85036b,1
2666,72803b,1
2836,35951,1
2838,21653,1
2895,84963A,1
3144,16169N,1
3150,35597B,1
3298,85035c,1
3400,20849,1
3403,72803B,1
3457,85018C,1
3459,62095B,1
3460,72814,1
3463,84247C,1
3464,90042B,1
3470,84536b,1
3516,21431,1
3581,90126A,1
3604,90078,1
3626,35832,1
3653,20871,1
3658,37503,1
3668,90060B,1
3678,84620,1
3712,85031B,1
3747,90142A,1
3754,90178B,1
3758,85109,1
3791,85160a,1
3792,m,1
3797,85035b,1
3798,84968f,1
3845,79320,1
3877,85023C,1
3884,21589,1
3887,72038P,1
3897,84546,1
3904,90092,1
3914,17011A,1
3987,90037A,1
3999,84455,1
4009,84967A,1
4010,84967B,1
4011,84966B,1
4012,84966A,1
4015,DCGS0055,1
4016,DCGS0072,1
4017,DCGS0074,1
4020,20864,1
4021,21282,1
4022,21805,1
4024,22143,1
4025,35644,1
4026,35991,1
4027,84424A,1
4028,84509F,1
4029,84526,1
4030,84664,1
4031,84964B,1
4034,85110,1
4035,85179B,1
4036,90000C,1
4037,90095,1
4038,90091,1
4039,DCGS0057,1
4048,17028J,1
4072,84612B,1
4078,35969,1
4101,84803A,1
4105,90152C,1
4118,84596g,1
4141,85065,1
4149,17001,1
4157,90187A,1
4159,20738,1
4180,20689,1
4181,47563B,1
4182,37477D,1
4208,35611B,1
4211,72140F,1
4223,90068,1
4233,37330,1
4237,72759,1
4238,72732,1
4247,84559D,1
4256,35823P,1
4257,20850,1
4258,21283,1
4262,22036,1
4265,79172D,1
4271,72800F,1
4272,72781,1
4273,35015,1
4274,72793,1
4275,72789,1
4276,85018B,1
4278,35824B,1
4279,84726,1
4280,84875A,1
4281,84876C,1
4283,84845D,1
4284,21274,1
4285,21474,1
4286,10134,1
4293,21511,1
4295,82545A,1
4296,84251F,1
4297,35603B,1
4298,47502,1
4299,84007,1
4302,21337,1
4303,46037A,1
4304,84251J,1
4305,40018F,1
4306,84864A,1
4308,21825,1
4309,10123G,1
4310,84899F,1
4311,20863,1
4320,84839,1
4331,84510e,1
4338,90181C,1
4345,90135A,1
4371,90025B,1
4380,90021,1
4386,DCGS0004,1
4394,21923,1
4395,20896,1
4396,20825,1
4397,85060,1
4398,35594,1
4399,21330,1
4400,78027,1
4401,21806,1
4411,85226C,1
4412,47591A,1
4413,37424,1
4414,90037D,1
4416,84857A,1
4417,84482,1
4418,21854,1
4420,84705C,1
4463,23059,1
4485,90035C,1
4496,84661a,1
4498,90081B,1
4505,16053,1
4506,21310,1
4510,84596l,1
4538,90025E,1
4541,90102,1
4557,82613a,1
4576,90026A,1
4662,23001,1
4666,90046,1
4667,90048,1
4670,44242A,1
4672,85036a,1
4686,90126C,1
4687,90127A,1
4693,37491B,1
4694,37491C,1
4704,84797B,1
4711,DCGS0073,1
4712,DCGS0071,1
4713,DCGS0068,1
4714,DCGS0067,1
4715,DCGS0066P,1
4716,21858,1
4717,21432,1
4718,77081,1
4719,21765,1
4720,84761,1
4721,21610,1
4723,37477B,1
4724,37477C,1
4733,22016,1
4736,84963B,1
4771,84201C,1
4772,90020,1
4840,35592T,1
4873,20678,1
4920,23605,1
4930,85115B,1
4952,84661b,1
4996,35600A,1
5001,23628,1
5003,23643,1
5004,46776a,1
5005,46776b,1
5006,46776e,1
5007,46776f,1
5008,47593b,1
5009,51014c,1
5010,84031a,1
5011,84031b,1
5012,90183c,1
5013,90184c,1
5014,79323G,1
5015,79323GR,1
5016,79323LP,1
5017,79323S,1
5018,79341,1
5019,79342B,1
5020,47016,1
5022,90069,1
5026,90162A,1
5035,23602,1
5036,23664,1
5041,23449,1
5043,23652,1
5044,84206B,1
5049,72802c,1
5050,85049c,1
5051,84971L,1
5055,84550,1
5056,84971l,1
5057,85034b,1
5065,23609,1
5066,85179a,1
5067,23617,1
5068,90214U,1
5069,47591b,1
##########,total number of items in dataset => ,541909
